,open,high,low,close,adjclose,volume,ticker,diff_adjclose,isUp_adjclose,%adjclose,%high,%low,sma_2_adjclose,sma_2_high,sma_2_low,sma_3_high,sma_3_low,ema_2_adjclose,volatility_10_adjclose
2020-03-05,77.77999877929688,79.0199966430664,75.66000366210938,76.31999969482422,76.31999969482422,11269400,SQ,False,0,,,,,,,,,,
2020-03-06,75.02999877929688,75.94000244140625,70.2699966430664,73.08999633789062,73.08999633789062,16409400,SQ,False,0,-0.042321847089219045,-0.03897740233491154,-0.07123984612945888,74.70499801635742,77.47999954223633,72.96500015258789,,,74.70499801635742,
2020-03-09,67.20999908447266,67.41000366210938,63.33000183105469,65.7300033569336,65.7300033569336,16418400,SQ,False,0,-0.10069767888525027,-0.11232550046174217,-0.09876184920376674,69.40999984741211,71.67500305175781,66.79999923706055,74.12333424886067,69.75333404541016,69.40999984741211,
2020-03-10,68.31999969482422,68.55999755859375,63.369998931884766,67.23999786376953,67.23999786376953,11806900,SQ,True,1,0.02297268263681973,0.017059691944962374,0.0006315663930782645,66.48500061035156,67.98500061035156,63.35000038146973,70.6366678873698,65.65666580200195,66.48500061035156,
2020-03-11,66.3499984741211,66.3499984741211,60.81999969482422,62.439998626708984,62.439998626708984,13618700,SQ,False,0,-0.07138607063589597,-0.0322345268840466,-0.04023984977183748,64.83999824523926,67.45499801635742,62.09499931335449,67.43999989827473,62.506666819254555,64.83999824523926,
2020-03-12,55.0,58.04499816894531,52.970001220703125,53.56999969482422,53.56999969482422,19529200,SQ,False,0,-0.14205636013724354,-0.12516956286615488,-0.1290693606298905,58.0049991607666,62.1974983215332,56.89500045776367,64.31833140055339,59.0533332824707,58.0049991607666,
2020-03-13,56.7400016784668,57.790000915527344,52.310001373291016,57.77000045776367,57.77000045776367,14666100,SQ,True,1,0.07840210541097403,-0.004393096071357849,-0.01245987978482721,55.670000076293945,57.91749954223633,52.64000129699707,60.72833251953125,55.36666742960612,55.670000076293945,
2020-03-16,49.25,49.25,40.0,41.27000045776367,41.27000045776367,27721300,SQ,False,0,-0.2856153690367952,-0.14777644540982815,-0.23532787325783522,49.52000045776367,53.52000045776367,46.15500068664551,55.028333028157554,48.42666753133138,49.52000045776367,
2020-03-17,43.790000915527344,45.29199981689453,39.0,44.72999954223633,44.72999954223633,22695600,SQ,True,1,0.0838381159703081,-0.08036548595138004,-0.025000000000000022,43.0,47.270999908447266,39.5,50.77733357747396,43.77000045776367,43.0,
2020-03-18,41.029998779296875,42.08100128173828,32.33000183105469,39.5,39.5,27154600,SQ,False,0,-0.11692375577374858,-0.07089549033245612,-0.17102559407552087,42.114999771118164,43.686500549316406,35.665000915527344,45.54100036621094,37.11000061035156,42.114999771118164,41.44356965487273
2020-03-19,40.18000030517578,47.41999816894531,37.0,40.0,40.0,24555600,SQ,True,1,0.012658227848101333,0.1268742835148262,0.14444781640746873,39.75,44.7504997253418,34.665000915527344,44.930999755859375,36.11000061035156,39.75,39.641926509459076
2020-03-20,41.849998474121094,43.84000015258789,37.79999923706055,38.09000015258789,38.09000015258789,26896800,SQ,False,0,-0.047749996185302734,-0.07549553257262487,0.021621601001636348,39.045000076293945,45.6299991607666,37.39999961853027,44.446999867757164,35.710000356038414,39.045000076293945,36.786383888021746
2020-03-23,38.470001220703125,40.54999923706055,36.11000061035156,40.0099983215332,40.0099983215332,21783400,SQ,True,1,0.05040688267928162,-0.07504564106013434,-0.04470895928093155,39.04999923706055,42.19499969482422,36.954999923706055,43.936665852864586,36.96999994913737,39.04999923706055,34.2753307597925
2020-03-24,43.5,48.880001068115234,42.560001373291016,46.310001373291016,46.310001373291016,26174700,SQ,True,1,0.15746071772182946,0.20542544976034205,0.17862089875153453,43.15999984741211,44.71500015258789,39.33500099182129,44.423333485921226,38.823333740234375,43.15999984741211,27.193337978934192
2020-03-25,50.290000915527344,58.099998474121094,49.529998779296875,52.38999938964844,52.38999938964844,34929300,SQ,True,1,0.13128909168774117,0.18862514739223535,0.16376873075901632,49.35000038146973,53.489999771118164,46.045000076293945,49.176666259765625,42.733333587646484,49.35000038146973,21.944502043831395
2020-03-26,53.790000915527344,59.25,53.779998779296875,56.029998779296875,56.029998779296875,23610400,SQ,True,1,0.0694788973478715,0.01979348633530753,0.08580658398434005,54.209999084472656,58.67499923706055,51.654998779296875,55.40999984741211,48.62333297729492,54.209999084472656,23.07535945731309
2020-03-27,54.0,54.41699981689453,51.47999954223633,53.34000015258789,53.34000015258789,14655600,SQ,False,0,-0.04800997118177597,-0.08156962334355222,-0.04276681460145282,54.68499946594238,56.833499908447266,52.6299991607666,57.25566609700521,51.596665700276695,54.68499946594238,20.79395724936746
2020-03-30,52.900001525878906,55.439998626708984,51.529998779296875,55.0,55.0,12054300,SQ,True,1,0.03112110691157488,0.018799250477914864,0.0009712361597735697,54.170000076293945,54.92849922180176,51.5049991607666,56.36899948120117,52.26333236694336,54.170000076293945,22.405351348197904
2020-03-31,54.689998626708984,55.2400016784668,51.1349983215332,52.380001068115234,52.380001068115234,18349400,SQ,False,0,-0.047636344216086646,-0.0036074486507262638,-0.007665446674188003,53.69000053405762,55.34000015258789,51.33249855041504,55.03233337402344,51.381665547688804,53.69000053405762,23.016348154164845
2020-04-01,49.779998779296875,50.0099983215332,46.04999923706055,46.810001373291016,46.810001373291016,16596400,SQ,False,0,-0.10633828906534315,-0.09467782762527166,-0.09944263716405244,49.595001220703125,52.625,48.592498779296875,53.563332875569664,49.57166544596354,49.595001220703125,21.363531799839148
2020-04-02,46.33000183105469,48.029998779296875,45.0,45.880001068115234,45.880001068115234,12871500,SQ,False,0,-0.019867555605465603,-0.03959207375905438,-0.022801286741727433,46.345001220703125,49.01999855041504,45.52499961853027,51.09333292643229,47.394999186197914,46.345001220703125,19.646148485612922
2020-04-03,46.02000045776367,46.68000030517578,42.33000183105469,43.720001220703125,43.720001220703125,18748600,SQ,False,0,-0.04707933298007749,-0.028107401799539633,-0.059333292643229174,44.80000114440918,47.35499954223633,43.665000915527344,48.23999913533529,44.460000356038414,44.80000114440918,16.90786777529887
2020-04-06,47.220001220703125,51.099998474121094,46.189998626708984,50.41999816894531,50.41999816894531,25521700,SQ,True,1,0.15324786736441065,0.09468719237465884,0.09118820289826868,47.06999969482422,48.88999938964844,44.260000228881836,48.60333251953125,44.506666819254555,47.06999969482422,13.488863831308963
2020-04-07,54.779998779296875,54.90999984741211,49.70000076293945,50.310001373291016,50.310001373291016,17105000,SQ,False,0,-0.002181610465072259,0.07455971598943467,0.07599052263666528,50.364999771118164,53.0049991607666,47.94499969482422,50.89666620890299,46.073333740234375,50.364999771118164,12.77195328421566
2020-04-08,51.810001373291016,57.75,51.810001373291016,57.040000915527344,57.040000915527344,24785100,SQ,True,1,0.13377060939237428,0.051721000919320526,0.04245473999921856,53.67500114440918,56.329999923706055,50.755001068115234,54.586666107177734,49.233333587646484,53.67500114440918,14.2461445733725
2020-04-09,58.880001068115234,64.94000244140625,58.5,59.209999084472656,59.209999084472656,30870900,SQ,True,1,0.038043445549009514,0.12450220677759738,0.12912562148971096,58.125,61.345001220703125,55.15500068664551,59.20000076293945,53.33666737874349,58.125,15.74652857902717
2020-04-13,60.099998474121094,60.099998474121094,56.119998931884766,59.41999816894531,59.41999816894531,15199500,SQ,True,1,0.003546682785335875,-0.07453039398408046,-0.040683778942140814,59.314998626708984,62.52000045776367,57.30999946594238,60.93000030517578,55.47666676839193,59.314998626708984,17.634694754433635
2020-04-14,60.02000045776367,62.61000061035156,59.6150016784668,62.40999984741211,62.40999984741211,17905500,SQ,True,1,0.05031978745548771,0.04176376372640456,0.06227731313437945,60.91499900817871,61.35499954223633,57.86750030517578,62.550000508626304,58.07833353678385,60.91499900817871,20.371001082986524
2020-04-15,59.66999816894531,61.7599983215332,59.33000183105469,61.380001068115234,61.380001068115234,12468800,SQ,False,0,-0.016503745903142852,-0.013576142477753406,-0.0047806733102055965,61.89500045776367,62.18499946594238,59.47250175476074,61.48999913533529,58.355000813802086,61.89500045776367,22.09926926184905
2020-04-16,58.099998474121094,59.29999923706055,56.630001068115234,57.31999969482422,57.31999969482422,19879200,SQ,False,0,-0.06614534543239103,-0.039831592476176514,-0.04550818607132101,59.35000038146973,60.529998779296875,57.98000144958496,61.22333272298177,58.525001525878906,59.35000038146973,20.94880100027408
2020-04-17,59.5,61.439998626708984,58.70000076293945,61.09000015258789,61.09000015258789,14044800,SQ,True,1,0.06577111789664025,0.03608767988501094,0.0365530576687505,59.204999923706055,60.369998931884766,57.665000915527344,60.83333206176758,58.220001220703125,59.204999923706055,19.279745524896423
2020-04-20,59.439998626708984,63.59000015258789,59.150001525878906,61.060001373291016,61.060001373291016,14342400,SQ,False,0,-0.0004910587530192467,0.0349935152007681,0.007666111705122214,61.07500076293945,62.51499938964844,58.92500114440918,61.44333267211914,58.16000111897787,61.07500076293945,13.79330163887272
2020-04-21,60.0,60.439998626708984,56.86000061035156,57.400001525878906,57.400001525878906,15333900,SQ,False,0,-0.059941037751320314,-0.049536114456994684,-0.038715145502159265,59.23000144958496,62.01499938964844,58.005001068115234,61.82333246866862,58.23666763305664,59.23000144958496,11.042132405573522
2020-04-22,59.349998474121094,61.25,58.0099983215332,60.959999084472656,60.959999084472656,13461000,SQ,True,1,0.06202086174141863,0.013401743740825811,0.020225073845185237,59.18000030517578,60.84499931335449,57.43499946594238,61.75999959309896,58.006666819254555,59.18000030517578,6.135134341259099
2020-04-23,61.310001373291016,63.5,60.92100143432617,61.81999969482422,61.81999969482422,13098800,SQ,True,1,0.014107621772760481,0.03673469387755102,0.0501810583868334,61.38999938964844,62.375,59.46549987792969,61.72999954223633,58.59700012207031,61.38999938964844,5.650232048919709
2020-04-24,62.22999954223633,62.560001373291016,61.040000915527344,62.0099983215332,62.0099983215332,9628500,SQ,True,1,0.0030734168173232046,-0.014803127979669095,0.0019533408578231715,61.91499900817871,63.03000068664551,60.98050117492676,62.436667124430336,59.990333557128906,61.91499900817871,5.7932338604817595
2020-04-27,63.61000061035156,64.23999786376953,61.810001373291016,63.54999923706055,63.54999923706055,10241700,SQ,True,1,0.024834719516394044,0.026854163260868535,0.012614686209282189,62.779998779296875,63.39999961853027,61.42500114440918,63.43333307902018,61.25700124104818,62.779998779296875,6.389503903953108
2020-04-28,64.16999816894531,65.0250015258789,60.900001525878906,61.75,61.75,11852100,SQ,False,0,-0.02832414254398352,0.01221985816023996,-0.014722534010577326,62.64999961853027,64.63249969482422,61.35500144958496,63.94166692097982,61.25000127156576,62.64999961853027,6.248735392570404
2020-04-29,63.439998626708984,66.72000122070312,63.38999938964844,65.7699966430664,65.7699966430664,14387300,SQ,True,1,0.06510116021160162,0.02606689204228063,0.04088666340527802,63.7599983215332,65.87250137329102,62.14500045776367,65.32833353678386,62.03333409627279,63.7599983215332,7.977800034465408
2020-04-30,65.0,66.88999938964844,64.72000122070312,65.13999938964844,65.13999938964844,10525900,SQ,False,0,-0.009578794063757723,0.0025479341402134814,0.02098125641048476,65.45499801635742,66.80500030517578,64.05500030517578,66.21166737874348,63.003334045410156,65.45499801635742,7.490216142643824
2020-05-01,62.84000015258789,63.90999984741211,61.439998626708984,63.0,63.0,10042400,SQ,False,0,-0.032852309022104675,-0.0445507485338309,-0.050679890793093985,64.06999969482422,65.39999961853027,63.079999923706055,65.84000015258789,63.18333307902018,64.06999969482422,7.460264828380219
2020-05-04,61.34000015258789,64.16999816894531,61.09000015258789,63.689998626708984,63.689998626708984,7556900,SQ,True,1,0.010952359154110969,0.004068194682427695,-0.005696589875393343,63.34499931335449,64.03999900817871,61.26499938964844,64.98999913533528,62.416666666666664,63.34499931335449,7.459285742004843
2020-05-05,66.0,68.58999633789062,65.20999908447266,66.69000244140625,66.69000244140625,12011500,SQ,True,1,0.047103216821851035,0.06887951215626398,0.06744146213118385,65.19000053405762,66.37999725341797,63.14999961853027,65.55666478474934,62.57999928792318,65.19000053405762,6.039257459887015
2020-05-06,67.31999969482422,69.80999755859375,67.12000274658203,68.0999984741211,68.0999984741211,16202900,SQ,True,1,0.021142539827520013,0.017786868141720147,0.029290042768366886,67.39500045776367,69.19999694824219,66.16500091552734,67.52333068847656,64.47333399454753,67.39500045776367,6.937911875786543
2020-05-07,69.86000061035156,76.80000305175781,69.58000183105469,74.62000274658203,74.62000274658203,31027000,SQ,True,1,0.09574162141778353,0.10012900354705101,0.03665075959190012,71.36000061035156,73.30500030517578,68.35000228881836,71.73333231608073,67.30333455403645,71.36000061035156,12.068233125880957
2020-05-08,72.04000091552734,76.4000015258789,72.0,76.05000305175781,76.05000305175781,20041100,SQ,True,1,0.019163766450561948,-0.0052083529945868845,0.03478008199570404,75.33500289916992,76.60000228881836,70.79000091552734,74.33666737874348,69.56666819254558,75.33500289916992,15.362210391751459
2020-05-11,75.69999694824219,75.90299987792969,74.36000061035156,74.9000015258789,74.9000015258789,12720600,SQ,False,0,-0.015121649963593553,-0.00650525704218563,0.03277778625488281,75.47500228881836,76.1515007019043,73.18000030517578,76.36766815185547,71.98000081380208,75.47500228881836,16.79106310983498
2020-05-12,76.0,77.38999938964844,74.30999755859375,75.20999908447266,75.20999908447266,17015500,SQ,True,1,0.004138819122542214,0.0195907871113159,-0.0006724455533537732,75.05500030517578,76.64649963378906,74.33499908447266,76.56433359781902,73.55666605631511,75.05500030517578,16.644349115395343
2020-05-13,75.31999969482422,75.80000305175781,70.81999969482422,73.79000091552734,73.79000091552734,13963900,SQ,False,0,-0.018880443906805988,-0.02054524293100457,-0.04696538794820515,74.5,76.59500122070312,72.56499862670898,76.36433410644531,73.16333262125652,74.5,16.677509008943826
2020-05-14,72.16999816894531,78.25,71.06999969482422,78.19999694824219,78.19999694824219,16038900,SQ,True,1,0.05976414118443074,0.03232185817419131,0.0035300762648586836,75.99499893188477,77.0250015258789,70.94499969482422,77.14666748046875,72.06666564941406,75.99499893188477,17.441364329429106
2020-05-15,77.75,81.12999725341797,76.6500015258789,80.26000213623047,80.26000213623047,16312000,SQ,True,1,0.02634277836803145,0.03680507672099642,0.07851416708900105,79.22999954223633,79.68999862670898,73.86000061035156,78.3933334350586,72.84666697184245,79.22999954223633,16.702193066556863
2020-05-18,78.69999694824219,81.3499984741211,76.44000244140625,76.62999725341797,76.62999725341797,16255300,SQ,False,0,-0.04522806860447204,0.0027117124140401128,-0.00273971402859996,78.44499969482422,81.23999786376953,76.54500198364258,80.24333190917969,74.72000122070312,78.44499969482422,13.204184141830815
2020-05-19,76.44999694824219,82.13999938964844,76.25,79.25,79.25,14225500,SQ,True,1,0.03419030197688233,0.009711136205843518,-0.002485641487935508,77.93999862670898,81.74499893188477,76.34500122070312,81.53999837239583,76.44666798909505,77.93999862670898,10.754229321332874
2020-05-20,81.5,83.0999984741211,80.5199966430664,82.04000091552734,82.04000091552734,10152200,SQ,True,1,0.035205058871007555,0.011687351979620786,0.05599995597464136,80.64500045776367,82.61999893188477,78.3849983215332,82.19666544596355,77.73666636149089,80.64500045776367,8.632203215249282
2020-05-21,79.5,81.69999694824219,78.76000213623047,81.48999786376953,81.48999786376953,10082100,SQ,False,0,-0.006704083930034632,-0.016847190753136898,-0.021857856187423086,81.76499938964844,82.39999771118164,79.63999938964844,82.3133316040039,78.50999959309895,81.76499938964844,9.161158608910265
2020-05-22,81.2300033569336,82.48999786376953,80.83000183105469,81.48999786376953,81.48999786376953,6262000,SQ,False,0,0.0,0.009669534210972053,0.026282372253415565,81.48999786376953,82.09499740600586,79.79500198364258,82.42999776204427,80.03666687011719,81.48999786376953,9.62197860556803
2020-05-26,83.9800033569336,84.08999633789062,80.5,80.79000091552734,80.79000091552734,9682800,SQ,False,0,-0.008589973820006813,0.01939627246400777,-0.0040826651438711226,81.13999938964844,83.28999710083008,80.66500091552734,82.75999704996745,80.03000132242839,81.13999938964844,9.079210514771763
2020-05-27,80.04000091552734,81.13999938964844,76.0199966430664,81.0199966430664,81.0199966430664,11637100,SQ,True,1,0.0028468340751666155,-0.03508142557633731,-0.05565221561408196,80.90499877929688,82.61499786376953,78.2599983215332,82.57333119710286,79.11666615804036,80.90499877929688,8.26755615018702
2020-05-28,81.0199966430664,82.31999969482422,79.0,79.62000274658203,79.62000274658203,9939400,SQ,False,0,-0.017279609411143815,0.014542769460832883,0.03920025636051361,80.31999969482422,81.72999954223633,77.5099983215332,82.51666514078777,78.5066655476888,80.31999969482422,5.330760336051139
2020-05-29,79.7300033569336,81.94999694824219,79.33999633789062,81.08000183105469,81.08000183105469,8329100,SQ,True,1,0.018337089099577097,-0.004494688386220913,0.004303751112539667,80.35000228881836,82.1349983215332,79.16999816894531,81.80333201090495,78.11999766031902,80.35000228881836,4.968480478233165
2020-06-01,81.0,83.41999816894531,80.12000274658203,82.72000122070312,82.72000122070312,8709700,SQ,True,1,0.020226928374590836,0.01793778249475153,0.009831187858511337,81.9000015258789,82.68499755859375,79.72999954223633,82.5633316040039,79.48666636149089,81.9000015258789,5.491126780687242
2020-06-02,82.95999908447266,88.2699966430664,82.37999725341797,88.0,88.0,18364200,SQ,True,1,0.06382977153505398,0.0581395178683497,0.02820761893860957,85.36000061035156,85.84499740600586,81.25,84.54666392008464,80.6133321126302,85.36000061035156,7.667608211035333
2020-06-03,88.0,92.55000305175781,87.08999633789062,91.97000122070312,91.97000122070312,17089200,SQ,True,1,0.0451136502352627,0.04848766932662607,0.057174062169287554,89.98500061035156,90.40999984741211,84.7349967956543,88.07999928792317,83.19666544596355,89.98500061035156,12.244344542860354
2020-06-04,90.95999908447266,92.95999908447266,86.19000244140625,87.72000122070312,87.72000122070312,13368100,SQ,False,0,-0.046210720273898276,0.004429994804922455,-0.010334067451244211,89.84500122070312,92.75500106811523,86.63999938964844,91.25999959309895,85.21999867757161,89.84500122070312,13.030401524054382
2020-06-05,90.0,91.44999694824219,88.06700134277344,89.93000030517578,89.93000030517578,11127700,SQ,True,1,0.025193787662089795,-0.016243568751096227,0.02177745502029893,88.82500076293945,92.20499801635742,87.12850189208984,92.31999969482422,87.11566670735677,88.82500076293945,14.199939580894478
2020-06-08,90.5,91.2300033569336,88.02999877929688,89.62000274658203,89.62000274658203,8751100,SQ,False,0,-0.0034470983825395374,-0.0024056161689443023,-0.0004201637720414597,89.7750015258789,91.34000015258789,88.04850006103516,91.87999979654948,87.42900085449219,89.7750015258789,14.647420220719548
2020-06-09,89.0199966430664,91.65399932861328,87.87000274658203,89.52999877929688,89.52999877929688,7749000,SQ,False,0,-0.0010042843620486908,0.004647549666537021,-0.0018175171524876799,89.57500076293945,91.44200134277344,87.95000076293945,91.44466654459636,87.98900095621745,89.57500076293945,14.29579165655018
2020-06-10,90.26000213623047,92.97000122070312,89.5,91.91000366210938,91.91000366210938,9486700,SQ,True,1,0.0265833230789998,0.014358368447965786,0.01855009903799476,90.72000122070312,92.3120002746582,88.68500137329102,91.95133463541667,88.46666717529297,90.72000122070312,14.125067607347166
2020-06-11,87.75,90.0,85.7699966430664,86.08999633789062,86.08999633789062,14754700,SQ,False,0,-0.06332289296402338,-0.03194580167480676,-0.041676015161269175,89.0,91.48500061035156,87.6349983215332,91.5413335164388,87.71333312988281,89.0,11.500049847217351
2020-06-12,89.0199966430664,89.18000030517578,84.25,86.72000122070312,86.72000122070312,9935100,SQ,True,1,0.007317980132556023,-0.00911110772026913,-0.017721775708956833,86.40499877929688,89.59000015258789,85.0099983215332,90.71666717529297,86.5066655476888,86.40499877929688,8.895075186030887
2020-06-15,84.79000091552734,91.30000305175781,84.05999755859375,91.0,91.0,9813000,SQ,True,1,0.04935422877133311,0.023772176937960632,-0.0022552218564539928,88.86000061035156,90.2400016784668,84.15499877929688,90.16000111897786,84.69333140055339,88.86000061035156,6.540823183871596
2020-06-16,93.06999969482422,95.86799621582031,92.55999755859375,94.73999786376953,94.73999786376953,13026400,SQ,True,1,0.04109887762384101,0.050032782161824274,0.10111825180669443,92.86999893188477,93.58399963378906,88.30999755859375,92.11599985758464,86.9566650390625,92.86999893188477,8.336827477136318
2020-06-17,94.77999877929688,100.0,94.69999694824219,97.02999877929688,97.02999877929688,17092300,SQ,True,1,0.024171426716941946,0.04310097162016002,0.02312013230438703,95.8849983215332,97.93399810791016,93.62999725341797,95.72266642252605,90.43999735514323,95.8849983215332,10.868470191339714
2020-06-18,97.0,98.6500015258789,95.81999969482422,98.2699966430664,98.2699966430664,8766900,SQ,True,1,0.012779530860244748,-0.013499984741210946,0.01182685092581548,97.64999771118164,99.32500076293945,95.2599983215332,98.17266591389973,94.35999806722005,97.64999771118164,12.8808036139672
2020-06-19,100.0999984741211,102.26000213623047,97.91999816894531,97.9800033569336,97.9800033569336,13879800,SQ,False,0,-0.002950985000906403,0.03659402488102903,0.021916076819133323,98.125,100.45500183105469,96.86999893188477,100.30333455403645,96.14666493733723,98.125,14.244940119677466
2020-06-22,99.73999786376953,105.45999908447266,99.25,104.22000122070312,104.22000122070312,17117000,SQ,True,1,0.06368644264113454,0.031292752605062146,0.013582535293352294,101.10000228881836,103.86000061035156,98.58499908447266,102.12333424886067,97.66333262125652,101.10000228881836,18.151698333132337
2020-06-23,105.0,106.36000061035156,103.05000305175781,104.75,104.75,14042800,SQ,True,1,0.0050853845047891255,0.008534055885568659,0.03828718440058254,104.48500061035156,105.90999984741211,101.1500015258789,104.69333394368489,100.07333374023438,104.48500061035156,20.4557226338555
2020-06-24,104.0,105.7490005493164,98.93000030517578,100.87999725341797,100.87999725341797,13250400,SQ,False,0,-0.03694513361892149,-0.005744641383310545,-0.03998061741456449,102.81499862670898,106.05450057983398,100.9900016784668,105.85633341471355,100.41000111897786,102.81499862670898,20.782241526282974
2020-06-25,102.45999908447266,106.1500015258789,101.28600311279297,104.77999877929688,104.77999877929688,13569800,SQ,True,1,0.03865980999267693,0.00379200724810147,0.023814846864949724,102.82999801635742,105.94950103759766,100.10800170898438,106.08633422851562,101.08866882324219,102.82999801635742,19.04323093455638
2020-06-26,105.02999877929688,107.83999633789062,102.51799774169922,104.30000305175781,104.30000305175781,19759100,SQ,False,0,-0.004580986191363712,0.0159208175950869,0.012163523004597998,104.54000091552734,106.99499893188477,101.9020004272461,106.57966613769531,100.91133371988933,104.54000091552734,15.15201844162693
2020-06-29,105.1500015258789,105.27999877929688,101.22000122070312,103.68000030517578,103.68000030517578,9210800,SQ,False,0,-0.005944417338840879,-0.02373885057054914,-0.012661157548808921,103.9900016784668,106.55999755859375,101.86899948120117,106.42333221435547,101.67466735839844,103.9900016784668,11.939117122877587
2020-06-30,103.5,105.30000305175781,102.88800048828125,104.94000244140625,104.94000244140625,7605100,SQ,True,1,0.012152798346081406,0.00019001018895226096,0.01647894929324467,104.31000137329102,105.29000091552734,102.05400085449219,106.13999938964844,102.2086664835612,104.31000137329102,10.161750400778686
2020-07-01,106.91999816894531,117.12999725341797,106.54000091552734,115.9000015258789,115.9000015258789,22480900,SQ,True,1,0.10444062158843792,0.11234562069143905,0.03549491106751601,110.42000198364258,111.21500015258789,104.7140007019043,109.23666636149089,103.54933420817058,110.42000198364258,15.730510221316989
2020-07-02,118.0,118.77999877929688,113.2300033569336,113.38999938964844,113.38999938964844,15066300,SQ,False,0,-0.02165661866423718,0.014086925335693667,0.0627933394398088,114.64500045776367,117.95499801635742,109.88500213623047,113.73666636149089,107.55266825358073,114.64500045776367,16.868410473892176
2020-07-06,118.79000091552734,128.36000061035156,118.02999877929688,118.97000122070312,118.97000122070312,34424000,SQ,True,1,0.04921070518644077,0.08065332488220611,0.042391550649630405,116.18000030517578,123.56999969482422,115.63000106811523,121.42333221435547,112.60000101725261,116.18000030517578,19.369997884531493
2020-07-07,121.19999694824219,129.83999633789062,120.02999877929688,125.5999984741211,125.5999984741211,28573900,SQ,True,1,0.05572831121619104,0.011530038333606107,0.01694484470630031,122.28499984741211,129.0999984741211,119.02999877929688,125.65999857584636,117.09666697184245,122.28499984741211,25.934847406927876
2020-07-08,127.19999694824219,133.42999267578125,127.0,133.35000610351562,133.35000610351562,25627400,SQ,True,1,0.06170388314926112,0.027649387239261358,0.058068826889843494,129.47500228881836,131.63499450683594,123.51499938964844,130.54332987467447,121.68666585286458,129.47500228881836,34.27490365666013
2020-07-09,132.5399932861328,133.80999755859375,127.66999816894531,129.38999938964844,129.38999938964844,21959300,SQ,False,0,-0.029696336952494407,0.0028479719978391493,0.005275576133427551,131.37000274658203,133.6199951171875,127.33499908447266,132.35999552408853,124.89999898274739,131.37000274658203,35.30428181327915
2020-07-10,128.38999938964844,129.60000610351562,125.25499725341797,128.0500030517578,128.0500030517578,11260800,SQ,False,0,-0.010356258939729357,-0.03146245820111182,-0.01891596263933193,128.72000122070312,131.7050018310547,126.46249771118164,132.27999877929688,126.64166514078777,128.72000122070312,35.17331176312768
2020-07-13,131.0500030517578,133.24000549316406,116.66999816894531,118.6500015258789,118.6500015258789,18489500,SQ,False,0,-0.0734088348446148,0.028086413720853187,-0.06854017223044084,123.35000228881836,131.42000579833984,120.96249771118164,132.21666971842447,123.19833119710286,123.35000228881836,31.8426700211836
2020-07-14,118.58999633789062,121.85399627685547,111.13999938964844,121.23999786376953,121.23999786376953,17175100,SQ,True,1,0.021828877409038272,-0.08545488402049606,-0.04739863603399652,119.94499969482422,127.54700088500977,113.90499877929688,128.23133595784506,117.6883316040039,119.94499969482422,26.776789966187433
2020-07-15,124.01000213623047,124.4800033569336,117.66000366210938,122.19999694824219,122.19999694824219,9606900,SQ,True,1,0.007918171407024888,0.02155043872432194,0.05866478593006197,121.71999740600586,123.16699981689453,114.4000015258789,126.52466837565105,115.1566670735677,121.71999740600586,20.02269724210374
2020-07-16,119.94000244140625,123.30000305175781,117.55000305175781,119.94999694824219,119.94999694824219,11827600,SQ,False,0,-0.0184124390850271,-0.009479436643267558,-0.0009349023196315587,121.07499694824219,123.8900032043457,117.6050033569336,123.21133422851562,115.4500020345052,121.07499694824219,18.87710108750429
2020-07-17,120.9800033569336,122.37999725341797,118.58999633789062,120.7300033569336,120.7300033569336,6961700,SQ,True,1,0.006502763055742156,-0.007461522916213159,0.00884724167701556,120.34000015258789,122.84000015258789,118.06999969482422,123.3866678873698,117.93333435058594,120.34000015258789,15.880244056158539
2020-07-20,121.26000213623047,129.4600067138672,120.52999877929688,128.38999938964844,128.38999938964844,12424000,SQ,True,1,0.06344732725690694,0.05785266889480578,0.016358904640478622,124.56000137329102,125.92000198364258,119.55999755859375,125.04666900634766,118.88999938964844,124.56000137329102,15.477028735871851
2020-07-21,129.9499969482422,130.8000030517578,125.06999969482422,126.98999786376953,126.98999786376953,10787500,SQ,False,0,-0.010904287970514459,0.010350658646668398,0.03766697885594916,127.68999862670898,130.1300048828125,122.79999923706055,127.54666900634766,121.39666493733723,127.68999862670898,15.623079757311313
2020-07-22,127.48999786376953,131.7100067138672,127.05999755859375,129.17999267578125,129.17999267578125,8437500,SQ,True,1,0.017245411834411417,0.00695721437979846,0.015911072748262534,128.0849952697754,131.2550048828125,126.06499862670898,130.65667215983072,124.21999867757161,128.0849952697754,13.531828891113134
2020-07-23,127.73999786376953,129.8489990234375,121.31999969482422,122.93000030517578,122.93000030517578,11010200,SQ,False,0,-0.0483820461756167,-0.014129584659976713,-0.04517549168944801,126.05499649047852,130.77950286865234,124.18999862670898,130.78633626302084,124.48333231608073,126.05499649047852,12.422284003003808
2020-07-24,119.88999938964844,122.91000366210938,117.0,121.41000366210938,121.41000366210938,8060000,SQ,False,0,-0.012364733094387015,-0.05343895920272479,-0.0356083061794511,122.17000198364258,126.37950134277344,119.15999984741211,128.15633646647134,121.79333241780598,122.17000198364258,11.668289878508771
2020-07-27,124.62000274658203,126.7699966430664,122.33999633789062,125.75,125.75,9685700,SQ,True,1,0.0357466123629242,0.03140503511470483,0.045640994340945484,123.58000183105469,124.84000015258789,119.66999816894531,126.5096664428711,120.21999867757161,123.58000183105469,10.737355312976234
2020-07-28,125.19999694824219,127.52999877929688,123.31999969482422,123.51000213623047,123.51000213623047,7126100,SQ,False,0,-0.0178131042844496,0.005995126262962058,0.008010490324251052,124.63000106811523,127.14999771118164,122.82999801635742,125.73666636149089,120.88666534423828,124.63000106811523,10.35091726579606
2020-07-29,125.13999938964844,128.9499969482422,124.9000015258789,128.5500030517578,128.5500030517578,8693400,SQ,True,1,0.040806419143028405,0.01113462073659055,0.012812210792772172,126.03000259399414,128.23999786376953,124.11000061035156,127.74999745686848,123.51999918619792,126.03000259399414,10.981641534311636
2020-07-30,128.5399932861328,131.3699951171875,125.33000183105469,129.1300048828125,129.1300048828125,10192300,SQ,True,1,0.0045118772250916095,0.018766950183927822,0.003442756604664199,128.84000396728516,130.15999603271484,125.1150016784668,129.28333028157553,124.51666768391927,128.84000396728516,10.352451449518417
2020-07-31,131.33999633789062,131.89999389648438,127.36000061035156,129.85000610351562,129.85000610351562,8606800,SQ,True,1,0.005575785591865667,0.0040343974955932005,0.016197229311727845,129.49000549316406,131.63499450683594,126.34500122070312,130.73999532063803,125.86333465576172,129.49000549316406,9.512825950459247
2020-08-03,130.25999450683594,136.13499450683594,130.25999450683594,134.8000030517578,134.8000030517578,11472600,SQ,True,1,0.03812088344682918,0.032107663429273625,0.022770052470058477,132.32500457763672,134.01749420166016,128.80999755859375,133.13499450683594,127.64999898274739,132.32500457763672,12.550742194198191
2020-08-04,135.8800048828125,137.8000030517578,133.60000610351562,136.8300018310547,136.8300018310547,10870300,SQ,True,1,0.015059337784417037,0.012230569744051234,0.025641115749505117,135.81500244140625,136.96749877929688,131.93000030517578,135.27833048502603,130.40666707356772,135.81500244140625,15.796710491542779
2020-08-05,153.16000366210938,158.42999267578125,146.1999969482422,146.5500030517578,146.5500030517578,39629700,SQ,True,1,0.0710370612484863,0.14970964562515143,0.0943113044094015,141.69000244140625,148.11499786376953,139.9000015258789,144.12166341145834,136.6866658528646,141.69000244140625,24.275761461018284
2020-08-06,149.75999450683594,155.88999938964844,149.1199951171875,154.0,154.0,19352800,SQ,True,1,0.05083587030435632,-0.016032275475331148,0.019972628111470048,150.2750015258789,157.15999603271484,147.65999603271484,150.7066650390625,142.97333272298178,150.2750015258789,32.73037048310425
2020-08-07,151.50999450683594,153.83999633789062,143.35000610351562,147.22000122070312,147.22000122070312,15564600,SQ,False,0,-0.044025966099330405,-0.0131503179150948,-0.038693597120476486,150.61000061035156,154.86499786376953,146.23500061035156,156.05332946777344,146.22333272298178,150.61000061035156,32.718539695133664
2020-08-10,147.52999877929688,147.82000732421875,138.66000366210938,139.33999633789062,139.33999633789062,13066300,SQ,False,0,-0.05352536895444859,-0.039131494780133225,-0.03271714155365657,143.27999877929688,150.8300018310547,141.0050048828125,152.51666768391928,143.71000162760416,143.27999877929688,30.93779313501052
2020-08-11,137.94000244140625,142.947998046875,135.02999877929688,138.25,138.25,13157100,SQ,False,0,-0.007822566144235044,-0.0329590653223133,-0.026179177750912164,138.7949981689453,145.38400268554688,136.84500122070312,148.20266723632812,139.01333618164062,138.7949981689453,27.078826078724234
2020-08-12,140.00999450683594,143.4199981689453,137.69000244140625,139.02000427246094,139.02000427246094,10603800,SQ,True,1,0.005569651157041111,0.0033019008906689518,0.01969935337448292,138.63500213623047,143.18399810791016,136.36000061035156,144.72933451334634,137.12666829427084,138.63500213623047,24.748681030119943
2020-08-13,140.89999389648438,145.50999450683594,140.1999969482422,143.19000244140625,143.19000244140625,9835000,SQ,True,1,0.029995669981225603,0.014572558670853386,0.018229315580875705,141.1050033569336,144.46499633789062,138.94499969482422,143.9593302408854,137.63999938964844,141.1050033569336,22.050107564628455
2020-08-14,143.88999938964844,144.0,139.72999572753906,141.9600067138672,141.9600067138672,6654700,SQ,False,0,-0.00858995535000695,-0.010377256297436022,-0.00335236256015492,142.57500457763672,144.75499725341797,139.96499633789062,144.30999755859375,139.2066650390625,142.57500457763672,18.312758531784326
2020-08-17,144.49000549316406,153.67999267578125,143.17999267578125,152.47999572753906,152.47999572753906,13280500,SQ,True,1,0.07410530090263956,0.06722217135959196,0.02469045340106768,147.22000122070312,148.83999633789062,141.45499420166016,147.72999572753906,141.03666178385416,147.22000122070312,18.986888096409455
2020-08-18,151.97000122070312,153.19000244140625,147.41200256347656,151.0399932861328,151.0399932861328,8523400,SQ,False,0,-0.009443877765968334,-0.0031883801257638344,0.029557271296125398,151.75999450683594,153.43499755859375,145.2959976196289,150.28999837239584,143.44066365559897,151.75999450683594,18.430308935061543
2020-08-19,151.22000122070312,152.35499572753906,148.55999755859375,150.3699951171875,150.3699951171875,6539900,SQ,False,0,-0.004435899091150386,-0.005450791178011616,0.007787662979633181,150.70499420166016,152.77249908447266,147.98600006103516,153.0749969482422,146.38399759928384,150.70499420166016,19.100714511543593
2020-08-20,150.1699981689453,158.10000610351562,149.82000732421875,155.86000061035156,155.86000061035156,12428100,SQ,True,1,0.036509979859250086,0.03770805380251874,0.008481487522427056,153.11499786376953,155.22750091552734,149.19000244140625,154.54833475748697,148.5973358154297,153.11499786376953,20.0663227925661
2020-08-21,156.39999389648438,159.47000122070312,153.1199951171875,155.10000610351562,155.10000610351562,8630500,SQ,False,0,-0.004876135659308223,0.00866537042566895,0.022026349163282166,155.4800033569336,158.78500366210938,151.47000122070312,156.64166768391928,150.5,155.4800033569336,22.09840033822808
2020-08-24,159.0,159.0,150.97999572753906,151.7899932861328,151.7899932861328,8807700,SQ,False,0,-0.02134115207689724,-0.0029472704402419003,-0.013975963021750526,153.44499969482422,159.23500061035156,152.04999542236328,158.8566691080729,151.3066660563151,153.44499969482422,20.995094700784467
2020-08-25,151.8000030517578,155.74000549316406,149.0,155.0,155.0,6429400,SQ,True,1,0.021147683351010693,-0.020503110105886346,-0.013114291850373272,153.3949966430664,157.37000274658203,149.98999786376953,158.07000223795572,151.03333028157553,153.3949966430664,19.0246874561604
2020-08-26,156.08999633789062,158.69000244140625,151.72999572753906,153.74000549316406,153.74000549316406,7689900,SQ,False,0,-0.008128996818296375,0.01894180585714489,0.01832211897677216,154.37000274658203,157.21500396728516,150.36499786376953,157.81000264485678,150.56999715169272,154.37000274658203,15.269421842105407
2020-08-27,156.8699951171875,161.5399932861328,155.5,155.61000061035156,155.61000061035156,11617200,SQ,True,1,0.012163360546195934,0.017959485795451258,0.024846796141948957,154.6750030517578,160.11499786376953,153.61499786376953,158.65666707356772,152.07666524251303,154.6750030517578,13.053463167119375
2020-08-28,159.14999389648438,159.14999389648438,154.05999755859375,155.92999267578125,155.92999267578125,6296400,SQ,True,1,0.0020563721108834976,-0.014795094026128108,-0.009260465861133493,155.7699966430664,160.3449935913086,154.77999877929688,159.79332987467447,153.7633310953776,155.7699966430664,6.686524912702839
2020-08-31,157.0,160.77499389648438,156.02000427246094,159.55999755859375,159.55999755859375,7630200,SQ,True,1,0.02327970918564848,0.010210493636945595,0.012722359761960567,157.7449951171875,159.96249389648438,155.04000091552734,160.4883270263672,155.1933339436849,157.7449951171875,8.704435425244505
2020-09-01,164.80999755859375,170.4600067138672,162.0,166.66000366210938,166.66000366210938,12318700,SQ,True,1,0.04449740669435864,0.060239547100331636,0.0383283909997596,163.11000061035156,165.61750030517578,159.01000213623047,163.46166483561197,157.36000061035156,163.11000061035156,14.252099120116265
2020-09-02,170.60000610351562,170.61000061035156,158.11000061035156,162.8800048828125,162.8800048828125,11214800,SQ,False,0,-0.022680899413398126,0.0008799360000975032,-0.024012341911410107,164.77000427246094,170.53500366210938,160.05500030517578,167.28166707356772,158.71000162760416,164.77000427246094,14.288625901164215
2020-09-03,157.0,157.22999572753906,149.50999450683594,152.86000061035156,152.86000061035156,16421200,SQ,False,0,-0.061517706115431725,-0.07842450521625921,-0.054392549935595724,157.87000274658203,163.9199981689453,153.80999755859375,166.1000010172526,156.53999837239584,157.87000274658203,14.905865601487852
2020-09-04,149.6300048828125,152.22000122070312,134.0,146.38999938964844,146.38999938964844,17995200,SQ,False,0,-0.04232631947448118,-0.031864113992076115,-0.10373884741281814,149.625,154.7249984741211,141.75499725341797,160.0199991861979,147.2066650390625,149.625,18.25213924094412
2020-09-08,137.00999450683594,146.13999938964844,136.88999938964844,139.11000061035156,139.11000061035156,10681400,SQ,False,0,-0.04973016469464964,-0.03994220064575693,0.02156715962424216,142.75,149.18000030517578,135.44499969482422,151.86333211263022,140.13333129882812,142.75,24.773672054346445
2020-09-09,145.64999389648438,145.64999389648438,139.25,144.2100067138672,144.2100067138672,9463600,SQ,True,1,0.036661678392201136,-0.003352986829140314,0.017240124339791718,141.66000366210938,145.8949966430664,138.06999969482422,148.00333150227866,136.7133331298828,141.66000366210938,26.920992198218674
2020-09-10,147.02000427246094,148.5449981689453,139.82000732421875,141.07000732421875,141.07000732421875,6711500,SQ,False,0,-0.021773796848083005,0.01987644623259288,0.004093409868716424,142.64000701904297,147.09749603271484,139.53500366210938,146.77833048502603,138.65333557128906,142.64000701904297,29.73216363514836
2020-09-11,143.91000366210938,143.91000366210938,134.25999450683594,137.4499969482422,137.4499969482422,8428400,SQ,False,0,-0.025661091571766548,-0.031202629263655135,-0.03976550226098963,139.26000213623047,146.22750091552734,137.04000091552734,146.03499857584634,137.77666727701822,139.26000213623047,32.945043872827206
2020-09-14,140.07000732421875,145.39999389648438,138.80999755859375,144.39999389648438,144.39999389648438,7754800,SQ,True,1,0.050563820316847696,0.010353625157799362,0.033889492312813685,140.92499542236328,144.65499877929688,136.53499603271484,145.95166524251303,137.62999979654947,140.92499542236328,32.89465060658969
2020-09-15,146.1300048828125,158.5,146.1300048828125,154.5,154.5,18550000,SQ,True,1,0.06994464356249197,0.09009633186671251,0.05273400657707583,149.4499969482422,151.9499969482422,142.47000122070312,149.2699991861979,139.73333231608072,149.4499969482422,31.529059227683025
2020-09-16,155.1999969482422,159.0,149.8800048828125,151.0500030517578,151.0500030517578,10200500,SQ,False,0,-0.02233007733490089,0.003154574132492094,0.025662080850590963,152.7750015258789,158.75,148.0050048828125,154.29999796549478,144.94000244140625,152.7750015258789,24.97033113372268
2020-09-17,146.27000427246094,147.69000244140625,142.24000549316406,145.63999938964844,145.63999938964844,11972200,SQ,False,0,-0.035815978502533485,-0.07113206011694184,-0.05097410689052195,148.34500122070312,153.34500122070312,146.06000518798828,155.0633341471354,146.08333841959634,148.34500122070312,18.09343562615528
2020-09-18,147.3699951171875,149.1300048828125,141.63999938964844,145.00999450683594,145.00999450683594,8886600,SQ,False,0,-0.004325768232990468,0.00975016871556722,-0.004218265469235094,145.3249969482422,148.41000366210938,141.94000244140625,151.94000244140625,144.586669921875,145.3249969482422,16.233744786248362
2020-09-21,140.4199981689453,151.97999572753906,139.30999755859375,151.1199951171875,151.1199951171875,12662700,SQ,True,1,0.042135030975837484,0.01911078087180451,-0.016450168321766934,148.06499481201172,150.55500030517578,140.4749984741211,149.6000010172526,141.0633341471354,148.06499481201172,17.37088227937556
2020-09-22,152.82000732421875,156.33999633789062,148.58999633789062,155.58999633789062,155.58999633789062,11189700,SQ,True,1,0.029579151436822215,0.028687990083694492,0.06661401867725769,153.35499572753906,154.15999603271484,143.9499969482422,152.48333231608072,143.17999776204428,153.35499572753906,18.56328367877793
2020-09-23,155.8699951171875,157.97999572753906,147.8000030517578,149.58999633789062,149.58999633789062,8867000,SQ,False,0,-0.038562890553515805,0.010489954126031709,-0.005316598059107447,152.58999633789062,157.15999603271484,148.19499969482422,155.4333292643229,145.23333231608072,152.58999633789062,18.44277961124866
2020-09-24,151.00999450683594,155.92300415039062,148.0,152.30999755859375,152.30999755859375,13213900,SQ,True,1,0.01818304223070677,-0.013020582559680749,0.0013531592971087747,150.9499969482422,156.95149993896484,147.9000015258789,156.74766540527344,148.12999979654947,150.9499969482422,17.459028855027704
2020-09-25,153.05999755859375,158.97999572753906,151.75100708007812,157.72000122070312,157.72000122070312,8782800,SQ,True,1,0.03551968845661713,0.019605776542118925,0.025344642432960196,155.01499938964844,157.45149993896484,149.87550354003906,157.6276652018229,149.1836700439453,155.01499938964844,14.507658318725966
2020-09-28,160.49000549316406,164.5,158.22999572753906,160.75999450683594,160.75999450683594,10287100,SQ,True,1,0.019274621244003365,0.03472137640462103,0.04269486425247915,159.23999786376953,161.73999786376953,154.9905014038086,159.8009999593099,152.66033426920572,159.23999786376953,15.790380312777035
2020-09-29,164.0,167.55999755859375,163.1300048828125,164.80999755859375,164.80999755859375,12079900,SQ,True,1,0.02519285388247261,0.018601808866831382,0.0309676375376442,162.78499603271484,166.02999877929688,160.68000030517578,163.67999776204428,157.70366923014322,162.78499603271484,20.13385757538588
2020-09-30,164.47000122070312,166.19000244140625,161.22999572753906,162.5500030517578,162.5500030517578,6531000,SQ,False,0,-0.01371272702089843,-0.008176146676705631,-0.011647208351635574,163.68000030517578,166.875,162.18000030517578,166.08333333333334,160.86333211263022,163.68000030517578,21.876677716542098
2020-10-01,166.13999938964844,168.61000061035156,164.5800018310547,168.49000549316406,168.49000549316406,6723500,SQ,True,1,0.036542616609578804,0.014561635076685953,0.020777809292861216,165.52000427246094,167.4000015258789,162.90499877929688,167.45333353678384,162.9800008138021,165.52000427246094,23.458748701179672
2020-10-02,164.0500030517578,171.24000549316406,163.80099487304688,169.61000061035156,169.61000061035156,11160200,SQ,True,1,0.0066472495737019965,0.015598154755305904,-0.004733302645162696,169.0500030517578,169.9250030517578,164.19049835205078,168.68000284830728,163.20366414388022,169.0500030517578,22.61031101537045
2020-10-05,172.42999267578125,181.88999938964844,171.5,180.9199981689453,180.9199981689453,16666700,SQ,True,1,0.0666823743758862,0.06219337511589562,0.047002187825050834,175.26499938964844,176.56500244140625,167.65049743652344,173.91333516438803,166.6269989013672,175.26499938964844,29.33510304459033
2020-10-06,180.1300048828125,182.24000549316406,172.61000061035156,175.33999633789062,175.33999633789062,12544000,SQ,False,0,-0.030842371697594295,0.0019242734877680245,0.0064723067658982725,178.12999725341797,182.06500244140625,172.05500030517578,178.45667012532553,169.3036651611328,178.12999725341797,30.96722434164274
2020-10-07,180.61000061035156,182.75,179.02000427246094,180.17999267578125,180.17999267578125,7119300,SQ,True,1,0.027603492865162726,0.002798477235861796,0.03713576061319457,177.75999450683594,182.49500274658203,175.81500244140625,182.2933349609375,174.37666829427084,177.75999450683594,30.014691078503933
2020-10-08,183.17999267578125,185.3699951171875,181.72000122070312,183.5,183.5,7133400,SQ,True,1,0.018426059824482532,0.014336498589261337,0.015082096323341121,181.83999633789062,184.05999755859375,180.37000274658203,183.45333353678384,177.78333536783853,181.83999633789062,28.928754902107148
2020-10-09,185.1199951171875,188.74000549316406,183.72999572753906,187.27999877929688,187.27999877929688,6719700,SQ,True,1,0.020599448388538777,0.018179912956496125,0.011060942622352021,185.38999938964844,187.05500030517578,182.7249984741211,185.62000020345053,181.49000040690103,185.38999938964844,29.639832801137135
2020-10-12,190.67999267578125,191.94000244140625,184.25999450683594,185.1699981689453,185.1699981689453,7964700,SQ,False,0,-0.011266556087701218,0.016954523975353464,0.0028846611420099144,186.2249984741211,190.34000396728516,183.9949951171875,188.68333435058594,183.23666381835938,186.2249984741211,28.13815110342764
2020-10-13,186.80999755859375,191.36000061035156,186.0,190.47000122070312,190.47000122070312,6399900,SQ,True,1,0.02862236379633276,-0.0030217871401337915,0.009443208211424858,187.81999969482422,191.6500015258789,185.12999725341797,190.68000284830728,184.663330078125,187.81999969482422,28.711883780868575
2020-10-14,191.58999633789062,193.44000244140625,185.11000061035156,187.49000549316406,187.49000549316406,6176600,SQ,False,0,-0.015645485947606286,0.010869574751360966,-0.004784942955099125,188.9800033569336,192.4000015258789,185.55500030517578,192.24666849772134,185.12333170572916,188.9800033569336,23.88827269904129
2020-10-15,182.60000610351562,188.67999267578125,181.1999969482422,188.60000610351562,188.60000610351562,6810100,SQ,True,1,0.005920318832099314,-0.02460716349022396,-0.02112259547953743,188.04500579833984,191.05999755859375,183.15499877929688,191.15999857584634,184.10333251953125,188.04500579833984,20.565279410543102
2020-10-16,191.67999267578125,192.83999633789062,184.6999969482422,186.35000610351562,186.35000610351562,5292800,SQ,False,0,-0.011930010218372145,0.022047932073316012,0.019315673614496376,187.47500610351562,190.75999450683594,182.9499969482422,191.65333048502603,183.6699981689453,187.47500610351562,14.505418685362116
2020-10-19,188.11000061035156,191.39999389648438,185.91000366210938,186.9600067138672,186.9600067138672,5454000,SQ,True,1,0.0032734134176133356,-0.007467343231448265,0.006551200508174704,186.6550064086914,192.1199951171875,185.30500030517578,190.97332763671875,183.9366658528646,186.6550064086914,14.08668005656036
2020-10-20,188.10000610351562,189.6999969482422,184.3300018310547,185.74000549316406,185.74000549316406,4876000,SQ,False,0,-0.006525466286328663,-0.008881907013861268,-0.00849874562923647,186.35000610351562,190.54999542236328,185.12000274658203,191.3133290608724,184.9800008138021,186.35000610351562,8.957913402532549
2020-10-21,183.5500030517578,184.74000549316406,175.58999633789062,177.82000732421875,177.82000732421875,10477200,SQ,False,0,-0.04264023869234135,-0.02614650255598794,-0.04741499162558793,181.7800064086914,187.22000122070312,179.95999908447266,188.61333211263022,181.9433339436849,181.7800064086914,10.828148390379294
2020-10-22,178.5,181.97999572753906,173.61000061035156,175.92999267578125,175.92999267578125,6681600,SQ,False,0,-0.010628807617758307,-0.014939967974219481,-0.011276244483364062,176.875,183.36000061035156,174.5999984741211,185.47333272298178,177.84333292643228,176.875,14.682182585125059
2020-10-23,177.5,177.7899932861328,173.33999633789062,176.77000427246094,176.77000427246094,4167600,SQ,True,1,0.004774692387032209,-0.023024522144068693,-0.0015552345574085802,176.3499984741211,179.88499450683594,173.4749984741211,181.50333150227866,174.17999776204428,176.3499984741211,16.643415472544387
2020-10-26,175.00999450683594,176.86000061035156,166.77000427246094,169.88999938964844,169.88999938964844,6489400,SQ,False,0,-0.03892065801055333,-0.00523084937792051,-0.037902343395824434,173.3300018310547,177.3249969482422,170.05500030517578,178.8766632080078,171.24000040690103,173.3300018310547,21.798349535950173
2020-10-27,175.30999755859375,176.25999450683594,169.25999450683594,171.02000427246094,171.02000427246094,6937600,SQ,True,1,0.006651391411337748,-0.003392548351492608,0.014930683999425876,170.4550018310547,176.55999755859375,168.01499938964844,176.9699961344401,169.78999837239584,170.4550018310547,22.658290542331322
2020-10-28,166.58999633789062,168.94000244140625,164.4499969482422,167.1300048828125,167.1300048828125,5420300,SQ,False,0,-0.022745873537993067,-0.04152951488459167,-0.028417805238670768,169.07500457763672,172.5999984741211,166.85499572753906,174.0199991861979,166.82666524251303,169.07500457763672,24.875135771999936
2020-10-29,170.0800018310547,172.0800018310547,168.11000061035156,169.86000061035156,169.86000061035156,4431800,SQ,True,1,0.016334563799320634,0.018586476525815687,0.02225602754654532,168.49500274658203,170.51000213623047,166.27999877929688,172.42666625976562,167.27333068847656,168.49500274658203,23.545489026667404
2020-10-30,166.49000549316406,167.39700317382812,152.42999267578125,154.8800048828125,154.8800048828125,14936400,SQ,False,0,-0.08819024887384908,-0.02721407837863843,-0.09327230906930828,162.37000274658203,169.7385025024414,160.2699966430664,169.4723358154297,161.663330078125,162.37000274658203,29.549636197478797
2020-11-02,158.0,161.24000549316406,152.10000610351562,155.22999572753906,155.22999572753906,8753600,SQ,True,1,0.0022597548663003675,-0.03678081186597182,-0.0021648401766147796,155.05500030517578,164.3185043334961,152.26499938964844,166.90567016601562,157.54666646321616,155.05500030517578,30.62589701151701
2020-11-03,153.22000122070312,161.0500030517578,151.10000610351562,158.2100067138672,158.2100067138672,8001400,SQ,True,1,0.019197391408543707,-0.0011783827520044365,-0.0065746216954089,156.72000122070312,161.14500427246094,151.60000610351562,163.22900390625,151.87666829427084,156.72000122070312,27.550515683095327
2020-11-04,166.3800048828125,171.36000061035156,162.14999389648438,171.2899932861328,171.2899932861328,7760600,SQ,True,1,0.08267483735034298,0.06401736953261872,0.07313029349183897,164.75,166.2050018310547,156.625,164.5500030517578,155.11666870117188,164.75,25.582061522234245
2020-11-05,177.10000610351562,177.2899932861328,172.64999389648438,175.22999572753906,175.22999572753906,15519700,SQ,True,1,0.023001941711940255,0.03460546600525061,0.06475485905169465,173.25999450683594,174.3249969482422,167.39999389648438,169.8999989827474,161.96666463216147,173.25999450683594,25.319429216829892
2020-11-06,185.24000549316406,201.3300018310547,182.99000549316406,198.0800018310547,198.0800018310547,27088300,SQ,True,1,0.13040008366515377,0.13559709772295547,0.05989002005339916,186.65499877929688,189.30999755859375,177.81999969482422,183.32666524251303,172.59666442871094,186.65499877929688,39.49903536316967
2020-11-09,191.30499267578125,197.0,181.8300018310547,184.0800018310547,184.0800018310547,14986000,SQ,False,0,-0.07067851307847217,-0.02150698749155222,-0.006339164037856171,191.0800018310547,199.16500091552734,182.41000366210938,191.87333170572916,179.15666707356772,191.0800018310547,42.273027562299426
2020-11-10,182.3699951171875,183.4600067138672,167.11000061035156,172.0,172.0,14840000,SQ,False,0,-0.06562365118912539,-0.06873093038646094,-0.08095474384023849,178.04000091552734,190.2300033569336,174.47000122070312,193.93000284830728,177.31000264485678,178.04000091552734,42.297748401371436
2020-11-11,179.64999389648438,184.0,177.6999969482422,183.4199981689453,183.4199981689453,9040800,SQ,True,1,0.06639533819154253,0.0029433842056652004,0.06337140984508283,177.70999908447266,183.7300033569336,172.40499877929688,188.15333557128906,175.54666646321616,177.70999908447266,43.9190825236243
2020-11-12,184.25999450683594,185.19000244140625,177.0,178.50999450683594,178.50999450683594,9138900,SQ,False,0,-0.026769183901020677,0.006467404572860103,-0.003939206304241383,180.96499633789062,184.59500122070312,177.3499984741211,184.21666971842447,173.9366658528646,180.96499633789062,44.2514409720264
2020-11-13,180.60000610351562,180.89999389648438,175.5,177.19000244140625,177.19000244140625,6955400,SQ,False,0,-0.007394499501702345,-0.023165443535642427,-0.008474576271186418,177.8499984741211,183.0449981689453,176.25,183.36333211263022,176.73333231608072,177.8499984741211,39.40769378815753
2020-11-16,175.8300018310547,179.22000122070312,173.00999450683594,179.16000366210938,179.16000366210938,7428200,SQ,True,1,0.011118015653025282,-0.009286858664807829,-0.014188065488114354,178.1750030517578,180.05999755859375,174.25499725341797,181.7699991861979,175.1699981689453,178.1750030517578,32.512410141505875
2020-11-17,180.1199951171875,190.74000549316406,180.1199951171875,187.89999389648438,187.89999389648438,11140700,SQ,True,1,0.04878315503307529,0.0642785637428629,0.04109589524361623,183.52999877929688,184.9800033569336,176.56499481201172,183.62000020345053,176.20999654134116,183.52999877929688,25.524980933751785
2020-11-18,187.49000549316406,187.5,182.27000427246094,185.5399932861328,185.5399932861328,5627300,SQ,False,0,-0.012559875928743858,-0.01698650204390495,0.011936537938914693,186.7199935913086,189.12000274658203,181.19499969482422,185.82000223795572,178.46666463216147,186.7199935913086,23.60184284011136
2020-11-19,190.77999877929688,194.00999450683594,185.74000549316406,191.66000366210938,191.66000366210938,12280100,SQ,True,1,0.0329848582377521,0.034719970703124936,0.01903769758800289,188.5999984741211,190.75499725341797,184.0050048828125,190.75,182.71000162760416,188.5999984741211,23.994977949273743
2020-11-20,193.69000244140625,200.99000549316406,191.5500030517578,195.97000122070312,195.97000122070312,10914200,SQ,True,1,0.02248772553605982,0.03597758457790268,0.03128027019902069,193.81500244140625,197.5,188.64500427246094,194.16666666666666,186.52000427246094,193.81500244140625,22.65034251341557
2020-11-23,200.11000061035156,209.36000061035156,199.27000427246094,207.77999877929688,207.77999877929688,12509600,SQ,True,1,0.06026431333892379,0.041643837446793786,0.040302798735101675,201.875,205.1750030517578,195.41000366210938,201.45333353678384,192.1866709391276,201.875,33.21159440149949
2020-11-24,208.0,208.0399932861328,199.5500030517578,202.89999389648438,202.89999389648438,12288900,SQ,False,0,-0.02348640346271258,-0.006304964273836977,0.0014051225638256337,205.33999633789062,208.6999969482422,199.41000366210938,206.12999979654947,196.79000345865884,205.33999633789062,33.20332140185144
2020-11-25,207.4499969482422,214.52000427246094,204.57000732421875,212.9199981689453,212.9199981689453,12948100,SQ,True,1,0.049383955514424205,0.031147909995438594,0.025156623381052512,207.90999603271484,211.27999877929688,202.06000518798828,210.63999938964844,201.1300048828125,207.90999603271484,40.0838355630346
2020-11-27,215.0,215.0,205.89999389648438,212.52000427246094,212.52000427246094,6526000,SQ,False,0,-0.0018786112151241152,0.0022375336471158747,0.0065013761775829515,212.72000122070312,214.76000213623047,205.23500061035156,212.5199991861979,203.34000142415366,212.72000122070312,41.80193761885912
2020-11-30,213.0,213.5399932861328,200.22999572753906,210.9600067138672,210.9600067138672,14091100,SQ,False,0,-0.007340473965894323,-0.006790728901707843,-0.027537631554257813,211.74000549316406,214.2699966430664,203.06499481201172,214.35333251953125,203.56666564941406,211.74000549316406,39.04750887709054
2020-12-01,212.55999755859375,212.9499969482422,200.5,203.0,203.0,10814400,SQ,False,0,-0.03773230214513423,-0.002762931331088181,0.0013484706498638754,206.9800033569336,213.2449951171875,200.36499786376953,213.82999674479166,202.20999654134116,206.9800033569336,32.499625416638764
2020-12-02,200.1300048828125,204.05999755859375,195.1300048828125,202.0,202.0,10483700,SQ,False,0,-0.0049261083743842304,-0.04174688667316184,-0.026783018040835382,202.5,208.50499725341797,197.81500244140625,210.1833292643229,198.62000020345053,202.5,28.99940470047421
2020-12-03,207.0,208.69000244140625,204.0500030517578,205.52999877929688,205.52999877929688,6918200,SQ,True,1,0.01747524148166768,0.02268942927671569,0.04571310380636917,203.76499938964844,206.375,199.59000396728516,208.56666564941406,199.8933359781901,203.76499938964844,22.04662882557695
2020-12-04,206.2899932861328,209.75,203.5800018310547,208.14999389648438,208.14999389648438,6566200,SQ,True,1,0.012747507092630839,0.005079292473013197,-0.002303362968261835,206.83999633789062,209.22000122070312,203.81500244140625,207.5,200.92000325520834,206.83999633789062,16.92867036723134
2020-12-07,209.7899932861328,213.66200256347656,208.25,212.5800018310547,212.5800018310547,5895300,SQ,True,1,0.021282767544895664,0.018650786953404275,0.022939375807751627,210.36499786376953,211.70600128173828,205.91500091552734,210.70066833496094,205.2933349609375,210.36499786376953,13.633340786488175
2020-12-08,213.3300018310547,213.89999389648438,208.25,213.00999450683594,213.00999450683594,5373200,SQ,True,1,0.0020227334277802544,0.0011138683067295485,0.0,212.7949981689453,213.78099822998047,208.25,212.4373321533203,206.6933339436849,212.7949981689453,14.580577042497449
2020-12-09,213.9600067138672,220.5,205.00999450683594,207.0399932861328,207.0399932861328,11133000,SQ,False,0,-0.028026859652876657,0.03085556938683065,-0.015558249667054325,210.02499389648438,217.1999969482422,206.62999725341797,216.02066548665366,207.1699981689453,210.02499389648438,13.398820111766945
2020-12-10,205.38999938964844,217.61000061035156,203.57000732421875,217.25,217.25,7919200,SQ,True,1,0.0493141762217737,-0.013106573195684534,-0.007023985274869915,212.1449966430664,219.05500030517578,204.29000091552734,217.33666483561197,205.61000061035156,212.1449966430664,15.433726177759059
2020-12-11,218.25999450683594,222.1999969482422,213.1699981689453,216.58999633789062,216.58999633789062,7914600,SQ,False,0,-0.0030379915402042323,0.021092763774719137,0.047158179001472345,216.9199981689453,219.90499877929688,208.37000274658203,220.10333251953125,207.25,216.9199981689453,16.874717869220337
2020-12-14,218.00999450683594,220.42999267578125,214.50100708007812,215.86000061035156,215.86000061035156,7379000,SQ,False,0,-0.0033704037115371843,-0.007965815917059804,0.006243884798825761,216.2249984741211,221.31499481201172,213.83550262451172,220.07999674479166,210.4136708577474,216.2249984741211,17.984861000921278
2020-12-15,218.4149932861328,221.72000122070312,216.72999572753906,219.99000549316406,219.99000549316406,5713600,SQ,True,1,0.019132793806795112,0.005852236935920407,0.010391506677769557,217.9250030517578,221.0749969482422,215.6155014038086,221.4499969482422,214.80033365885416,217.9250030517578,18.547595627149377
2020-12-16,223.86000061035156,227.9600067138672,220.02999877929688,227.0800018310547,227.0800018310547,8199000,SQ,True,1,0.032228720218432594,0.028143629166557105,0.015226332841838719,223.53500366210938,224.84000396728516,218.37999725341797,223.37000020345053,217.08700052897134,223.53500366210938,20.65994128484662
2021-02-02,223.86000061035156,227.9600067138672,220.02999877929688,227.0800018310547,227.0800018310547,8199000,SQ,False,0,0.0,0.0,0.0,227.0800018310547,227.9600067138672,220.02999877929688,225.8800048828125,218.92999776204428,227.0800018310547,21.6994719998806
2021-02-03,223.86000061035156,227.9600067138672,220.02999877929688,227.0800018310547,227.0800018310547,8199000,SQ,False,0,0.0,0.0,0.0,227.0800018310547,227.9600067138672,220.02999877929688,227.9600067138672,220.02999877929688,227.0800018310547,21.89775618167672
2021-02-04,223.86000061035156,227.9600067138672,220.02999877929688,227.0800018310547,227.0800018310547,8199000,SQ,False,0,0.0,0.0,0.0,227.0800018310547,227.9600067138672,220.02999877929688,227.9600067138672,220.02999877929688,227.0800018310547,22.44206401167256
2021-02-07,223.86000061035156,227.9600067138672,220.02999877929688,227.0800018310547,227.0800018310547,8199000,SQ,False,0,0.0,0.0,0.0,227.0800018310547,227.9600067138672,220.02999877929688,227.9600067138672,220.02999877929688,227.0800018310547,22.116120858084017
2021-02-08,223.86000061035156,227.9600067138672,220.02999877929688,227.0800018310547,227.0800018310547,8199000,SQ,False,0,0.0,0.0,0.0,227.0800018310547,227.9600067138672,220.02999877929688,227.9600067138672,220.02999877929688,227.0800018310547,16.110655514091036
2021-02-09,223.86000061035156,227.9600067138672,220.02999877929688,227.0800018310547,227.0800018310547,8199000,SQ,False,0,0.0,0.0,0.0,227.0800018310547,227.9600067138672,220.02999877929688,227.9600067138672,220.02999877929688,227.0800018310547,15.027850926873079
2021-02-10,223.86000061035156,227.9600067138672,220.02999877929688,227.0800018310547,227.0800018310547,8199000,SQ,False,0,0.0,0.0,0.0,227.0800018310547,227.9600067138672,220.02999877929688,227.9600067138672,220.02999877929688,227.0800018310547,12.588834312120971
2021-02-11,223.86000061035156,227.9600067138672,220.02999877929688,227.0800018310547,227.0800018310547,8199000,SQ,False,0,0.0,0.0,0.0,227.0800018310547,227.9600067138672,220.02999877929688,227.9600067138672,220.02999877929688,227.0800018310547,7.08999633788433
2021-02-14,223.86000061035156,227.9600067138672,220.02999877929688,227.0800018310547,227.0800018310547,8199000,SQ,False,0,0.0,0.0,0.0,227.0800018310547,227.9600067138672,220.02999877929688,227.9600067138672,220.02999877929688,227.0800018310547,0.0
2021-02-15,223.86000061035156,227.9600067138672,220.02999877929688,227.0800018310547,227.0800018310547,8199000,SQ,False,0,0.0,0.0,0.0,227.0800018310547,227.9600067138672,220.02999877929688,227.9600067138672,220.02999877929688,227.0800018310547,0.0
2021-02-16,223.86000061035156,227.9600067138672,220.02999877929688,227.0800018310547,227.0800018310547,8199000,SQ,False,0,0.0,0.0,0.0,227.0800018310547,227.9600067138672,220.02999877929688,227.9600067138672,220.02999877929688,227.0800018310547,0.0
