,open,high,low,close,adjclose,volume,ticker
2018-01-02,35.04999923706055,36.45000076293945,35.04999923706055,36.20000076293945,36.20000076293945,783900,TDOC
2018-01-03,36.25,37.375,36.0,36.849998474121094,36.849998474121094,783300,TDOC
2018-01-04,37.349998474121094,38.400001525878906,36.70000076293945,37.20000076293945,37.20000076293945,1137800,TDOC
2018-01-05,37.5,38.25,36.95000076293945,37.5,37.5,971000,TDOC
2018-01-08,35.95000076293945,36.5,33.650001525878906,36.04999923706055,36.04999923706055,2553400,TDOC
2018-01-09,36.25,36.70000076293945,34.0,34.5,34.5,1288400,TDOC
2018-01-10,34.04999923706055,34.099998474121094,32.70000076293945,33.099998474121094,33.099998474121094,1983600,TDOC
2018-01-11,33.25,33.849998474121094,33.04999923706055,33.20000076293945,33.20000076293945,1115200,TDOC
2018-01-12,33.849998474121094,34.599998474121094,31.850000381469727,32.650001525878906,32.650001525878906,1905300,TDOC
2018-01-16,32.79999923706055,33.099998474121094,32.25,32.75,32.75,1036600,TDOC
2018-01-17,33.150001525878906,33.19499969482422,31.600000381469727,32.45000076293945,32.45000076293945,1122200,TDOC
2018-01-18,32.150001525878906,32.349998474121094,31.100000381469727,31.299999237060547,31.299999237060547,1316800,TDOC
2018-01-19,31.299999237060547,32.95000076293945,30.875,32.650001525878906,32.650001525878906,1601600,TDOC
2018-01-22,32.79999923706055,32.95000076293945,31.454999923706055,32.75,32.75,1677700,TDOC
2018-01-23,32.75,34.95000076293945,32.70000076293945,34.54999923706055,34.54999923706055,1476200,TDOC
2018-01-24,34.70000076293945,35.04999923706055,34.04999923706055,34.900001525878906,34.900001525878906,898500,TDOC
2018-01-25,35.099998474121094,35.5,34.80500030517578,35.29999923706055,35.29999923706055,855100,TDOC
2018-01-26,36.0,36.95000076293945,35.45000076293945,36.5,36.5,1387900,TDOC
2018-01-29,36.400001525878906,36.5,35.599998474121094,36.099998474121094,36.099998474121094,770300,TDOC
2018-01-30,35.900001525878906,36.92499923706055,35.79999923706055,36.29999923706055,36.29999923706055,1094300,TDOC
2018-01-31,36.599998474121094,38.150001525878906,36.349998474121094,37.400001525878906,37.400001525878906,1678400,TDOC
2018-02-01,37.25,37.5,36.150001525878906,37.04999923706055,37.04999923706055,959700,TDOC
2018-02-02,36.599998474121094,37.20000076293945,35.25,35.29999923706055,35.29999923706055,1346200,TDOC
2018-02-05,35.0,35.45000076293945,33.54999923706055,33.95000076293945,33.95000076293945,1056400,TDOC
2018-02-06,33.04999923706055,34.75,32.5,34.70000076293945,34.70000076293945,1122000,TDOC
2018-02-07,34.5,34.79999923706055,33.45000076293945,34.099998474121094,34.099998474121094,969700,TDOC
2018-02-08,34.150001525878906,34.512001037597656,33.0,33.04999923706055,33.04999923706055,989500,TDOC
2018-02-09,33.400001525878906,33.724998474121094,31.799999237060547,32.95000076293945,32.95000076293945,1092300,TDOC
2018-02-12,33.150001525878906,34.5,33.0,33.79999923706055,33.79999923706055,743400,TDOC
2018-02-13,33.599998474121094,34.25,33.45000076293945,34.150001525878906,34.150001525878906,548300,TDOC
2018-02-14,33.900001525878906,36.04999923706055,33.75,35.75,35.75,931400,TDOC
2018-02-15,36.099998474121094,37.099998474121094,35.75,36.900001525878906,36.900001525878906,996100,TDOC
2018-02-16,36.900001525878906,37.400001525878906,36.25,37.150001525878906,37.150001525878906,517100,TDOC
2018-02-20,36.900001525878906,39.400001525878906,36.400001525878906,37.75,37.75,1250600,TDOC
2018-02-21,37.75,39.95000076293945,37.599998474121094,38.650001525878906,38.650001525878906,1138400,TDOC
2018-02-22,39.0,39.75,38.29999923706055,38.79999923706055,38.79999923706055,1269900,TDOC
2018-02-23,39.099998474121094,39.5,37.349998474121094,37.95000076293945,37.95000076293945,881800,TDOC
2018-02-26,38.20000076293945,38.650001525878906,36.599998474121094,38.54999923706055,38.54999923706055,936500,TDOC
2018-02-27,38.349998474121094,38.75,37.150001525878906,37.29999923706055,37.29999923706055,1127700,TDOC
2018-02-28,36.599998474121094,41.0,36.599998474121094,40.099998474121094,40.099998474121094,2205900,TDOC
2018-03-01,40.349998474121094,40.45000076293945,37.849998474121094,38.54999923706055,38.54999923706055,1119200,TDOC
2018-03-02,38.25,42.125,38.04999923706055,41.95000076293945,41.95000076293945,1725200,TDOC
2018-03-05,41.75,41.95000076293945,39.57500076293945,41.95000076293945,41.95000076293945,1678000,TDOC
2018-03-06,41.79999923706055,43.67499923706055,41.25,43.45000076293945,43.45000076293945,1195900,TDOC
2018-03-07,42.95000076293945,44.349998474121094,42.349998474121094,44.04999923706055,44.04999923706055,1134600,TDOC
2018-03-08,44.20000076293945,44.650001525878906,42.650001525878906,43.04999923706055,43.04999923706055,1147100,TDOC
2018-03-09,43.400001525878906,43.650001525878906,42.70000076293945,43.150001525878906,43.150001525878906,1111700,TDOC
2018-03-12,43.45000076293945,43.650001525878906,42.900001525878906,43.25,43.25,743200,TDOC
2018-03-13,43.400001525878906,43.849998474121094,42.25,42.79999923706055,42.79999923706055,768700,TDOC
2018-03-14,43.20000076293945,43.400001525878906,42.79999923706055,42.95000076293945,42.95000076293945,1030400,TDOC
2018-03-15,41.900001525878906,42.775001525878906,40.75,42.5,42.5,829500,TDOC
2018-03-16,42.29999923706055,42.75,41.25,41.25,41.25,1376700,TDOC
2018-03-19,41.099998474121094,41.900001525878906,40.900001525878906,41.54999923706055,41.54999923706055,910200,TDOC
2018-03-20,41.75,42.54999923706055,41.650001525878906,41.79999923706055,41.79999923706055,490300,TDOC
2018-03-21,41.900001525878906,43.54999923706055,41.75,43.099998474121094,43.099998474121094,1005000,TDOC
2018-03-22,42.849998474121094,44.400001525878906,42.54999923706055,42.70000076293945,42.70000076293945,932700,TDOC
2018-03-23,42.900001525878906,42.900001525878906,41.79999923706055,42.29999923706055,42.29999923706055,727000,TDOC
2018-03-26,43.0,43.75,42.29999923706055,43.599998474121094,43.599998474121094,759200,TDOC
2018-03-27,43.650001525878906,43.849998474121094,40.75,41.150001525878906,41.150001525878906,895400,TDOC
2018-03-28,41.5,41.900001525878906,38.95000076293945,39.150001525878906,39.150001525878906,1109100,TDOC
2018-03-29,39.25,40.54999923706055,38.95000076293945,40.29999923706055,40.29999923706055,769500,TDOC
2018-04-02,40.29999923706055,40.5,38.150001525878906,38.5,38.5,963300,TDOC
2018-04-03,38.70000076293945,40.150001525878906,38.70000076293945,40.0,40.0,616500,TDOC
2018-04-04,39.25,40.900001525878906,39.25,40.75,40.75,709700,TDOC
2018-04-05,40.79999923706055,42.025001525878906,40.474998474121094,41.400001525878906,41.400001525878906,780200,TDOC
2018-04-06,41.25,41.724998474121094,38.650001525878906,39.150001525878906,39.150001525878906,748400,TDOC
2018-04-09,39.599998474121094,39.70000076293945,38.5,38.70000076293945,38.70000076293945,743900,TDOC
2018-04-10,39.45000076293945,40.0,38.20000076293945,39.70000076293945,39.70000076293945,924200,TDOC
2018-04-11,39.400001525878906,41.04999923706055,39.400001525878906,40.099998474121094,40.099998474121094,498500,TDOC
2018-04-12,40.29999923706055,41.92499923706055,40.22999954223633,41.45000076293945,41.45000076293945,591800,TDOC
2018-04-13,41.95000076293945,42.0,40.20000076293945,41.150001525878906,41.150001525878906,491800,TDOC
2018-04-16,41.5,41.82500076293945,40.75,41.650001525878906,41.650001525878906,379200,TDOC
2018-04-17,41.900001525878906,42.650001525878906,41.48899841308594,42.5,42.5,546100,TDOC
2018-04-18,42.650001525878906,43.349998474121094,42.54999923706055,42.650001525878906,42.650001525878906,597400,TDOC
2018-04-19,42.5,43.349998474121094,42.25,43.04999923706055,43.04999923706055,503900,TDOC
2018-04-20,42.75,43.29999923706055,42.25,42.75,42.75,440900,TDOC
2018-04-23,42.79999923706055,43.0,42.04999923706055,42.54999923706055,42.54999923706055,356700,TDOC
2018-04-24,42.79999923706055,42.849998474121094,40.95000076293945,41.150001525878906,41.150001525878906,1071800,TDOC
2018-04-25,41.25,41.70000076293945,40.349998474121094,40.650001525878906,40.650001525878906,612700,TDOC
2018-04-26,41.0,42.5,40.650001525878906,42.099998474121094,42.099998474121094,545000,TDOC
2018-04-27,42.400001525878906,43.150001525878906,42.150001525878906,43.0,43.0,541900,TDOC
2018-04-30,43.099998474121094,43.400001525878906,42.79999923706055,43.0,43.0,706700,TDOC
2018-05-01,43.0,43.20000076293945,42.29999923706055,42.70000076293945,42.70000076293945,1162200,TDOC
2018-05-02,43.099998474121094,46.79999923706055,42.5,45.45000076293945,45.45000076293945,2860200,TDOC
2018-05-03,44.5,44.79999923706055,41.5,41.70000076293945,41.70000076293945,2385400,TDOC
2018-05-04,41.25,42.400001525878906,40.0,42.20000076293945,42.20000076293945,2228000,TDOC
2018-05-07,42.349998474121094,44.45000076293945,42.04999923706055,44.349998474121094,44.349998474121094,1402600,TDOC
2018-05-08,44.29999923706055,45.70000076293945,43.849998474121094,45.29999923706055,45.29999923706055,1893900,TDOC
2018-05-09,45.150001525878906,47.099998474121094,45.099998474121094,46.650001525878906,46.650001525878906,1318000,TDOC
2018-05-10,46.70000076293945,47.14500045776367,45.400001525878906,47.0,47.0,1145800,TDOC
2018-05-11,46.849998474121094,48.04999923706055,46.17499923706055,47.849998474121094,47.849998474121094,902500,TDOC
2018-05-14,48.25,49.45000076293945,48.099998474121094,48.5,48.5,688000,TDOC
2018-05-15,48.0,49.6349983215332,48.0,49.04999923706055,49.04999923706055,1138600,TDOC
2018-05-16,49.20000076293945,49.849998474121094,49.04999923706055,49.45000076293945,49.45000076293945,743800,TDOC
2018-05-17,49.5,49.599998474121094,48.04999923706055,48.70000076293945,48.70000076293945,767800,TDOC
2018-05-18,48.95000076293945,49.45000076293945,48.45000076293945,49.349998474121094,49.349998474121094,754800,TDOC
2018-05-21,49.849998474121094,50.599998474121094,49.54999923706055,49.900001525878906,49.900001525878906,595600,TDOC
2018-05-22,49.95000076293945,50.45000076293945,49.5,49.599998474121094,49.599998474121094,618600,TDOC
2018-05-23,49.400001525878906,50.29999923706055,49.25,49.849998474121094,49.849998474121094,756500,TDOC
2018-05-24,50.0,50.70000076293945,49.400001525878906,50.599998474121094,50.599998474121094,673200,TDOC
2018-05-25,50.900001525878906,51.45000076293945,50.349998474121094,50.70000076293945,50.70000076293945,906600,TDOC
2018-05-29,50.25,50.900001525878906,49.849998474121094,50.79999923706055,50.79999923706055,979000,TDOC
2018-05-30,51.0,51.900001525878906,50.875,51.20000076293945,51.20000076293945,757500,TDOC
2018-05-31,51.400001525878906,51.5,50.5,50.900001525878906,50.900001525878906,664200,TDOC
2018-06-01,51.150001525878906,51.5,50.20000076293945,50.79999923706055,50.79999923706055,574400,TDOC
2018-06-04,51.25,52.599998474121094,50.75,51.900001525878906,51.900001525878906,1241500,TDOC
2018-06-05,52.95000076293945,54.25,52.70000076293945,53.79999923706055,53.79999923706055,2092800,TDOC
2018-06-06,54.04999923706055,55.95000076293945,54.04999923706055,54.29999923706055,54.29999923706055,2168600,TDOC
2018-06-07,54.70000076293945,54.79999923706055,51.32500076293945,53.0,53.0,1190200,TDOC
2018-06-08,53.29999923706055,54.900001525878906,52.349998474121094,53.599998474121094,53.599998474121094,1098300,TDOC
2018-06-11,53.70000076293945,54.775001525878906,53.27299880981445,54.70000076293945,54.70000076293945,1103400,TDOC
2018-06-12,54.849998474121094,58.150001525878906,54.599998474121094,56.70000076293945,56.70000076293945,1590500,TDOC
2018-06-13,58.20000076293945,59.75,56.95000076293945,59.04999923706055,59.04999923706055,2284900,TDOC
2018-06-14,59.20000076293945,60.79999923706055,58.75,60.599998474121094,60.599998474121094,1142900,TDOC
2018-06-15,60.150001525878906,61.54999923706055,58.79999923706055,60.849998474121094,60.849998474121094,1409800,TDOC
2018-06-18,60.849998474121094,63.04999923706055,60.5,62.150001525878906,62.150001525878906,1758400,TDOC
2018-06-19,61.5,62.5,58.95000076293945,60.45000076293945,60.45000076293945,1558100,TDOC
2018-06-20,61.04999923706055,63.650001525878906,61.04999923706055,62.349998474121094,62.349998474121094,1255500,TDOC
2018-06-21,62.5,62.57099914550781,60.5,61.45000076293945,61.45000076293945,1466400,TDOC
2018-06-22,61.75,61.95000076293945,59.75,61.599998474121094,61.599998474121094,1325700,TDOC
2018-06-25,61.04999923706055,61.650001525878906,58.54999923706055,59.54999923706055,59.54999923706055,1254300,TDOC
2018-06-26,59.75,60.599998474121094,59.29999923706055,59.650001525878906,59.650001525878906,1231100,TDOC
2018-06-27,59.5,60.099998474121094,55.45000076293945,55.70000076293945,55.70000076293945,1745900,TDOC
2018-06-28,55.25,58.04999923706055,54.900001525878906,57.70000076293945,57.70000076293945,1498100,TDOC
2018-06-29,58.150001525878906,59.25,57.80500030517578,58.04999923706055,58.04999923706055,747300,TDOC
2018-07-02,57.5,59.75,57.400001525878906,59.400001525878906,59.400001525878906,969300,TDOC
2018-07-03,59.5,60.79999923706055,59.04999923706055,59.849998474121094,59.849998474121094,598700,TDOC
2018-07-05,60.400001525878906,62.974998474121094,60.04999923706055,62.79999923706055,62.79999923706055,1093300,TDOC
2018-07-06,62.70000076293945,63.54999923706055,61.599998474121094,63.349998474121094,63.349998474121094,709000,TDOC
2018-07-09,64.55000305175781,65.30000305175781,62.904998779296875,65.1500015258789,65.1500015258789,1524400,TDOC
2018-07-10,65.19999694824219,65.6500015258789,61.45000076293945,62.20000076293945,62.20000076293945,1481500,TDOC
2018-07-11,62.04999923706055,63.25,61.79999923706055,62.70000076293945,62.70000076293945,797100,TDOC
2018-07-12,63.599998474121094,65.74500274658203,63.349998474121094,65.44999694824219,65.44999694824219,1372100,TDOC
2018-07-13,66.1500015258789,67.8499984741211,65.87300109863281,66.0999984741211,66.0999984741211,1087500,TDOC
2018-07-16,66.05000305175781,67.1500015258789,65.42500305175781,67.05000305175781,67.05000305175781,983600,TDOC
2018-07-17,67.25,69.5999984741211,67.0999984741211,68.30000305175781,68.30000305175781,1892600,TDOC
2018-07-18,68.75,69.5,67.4000015258789,69.1500015258789,69.1500015258789,833900,TDOC
2018-07-19,69.55000305175781,71.30000305175781,69.33100128173828,70.4000015258789,70.4000015258789,1512000,TDOC
2018-07-20,70.8499984741211,70.9000015258789,68.3499984741211,68.55000305175781,68.55000305175781,1132300,TDOC
2018-07-23,68.55000305175781,70.17500305175781,67.75,69.55000305175781,69.55000305175781,823900,TDOC
2018-07-24,67.4000015258789,68.2249984741211,62.849998474121094,63.70000076293945,63.70000076293945,3659400,TDOC
2018-07-25,64.9000015258789,67.44999694824219,64.44999694824219,66.9000015258789,66.9000015258789,3348300,TDOC
2018-07-26,66.55000305175781,67.0,65.19999694824219,65.9000015258789,65.9000015258789,1042900,TDOC
2018-07-27,66.0999984741211,66.5,63.5,63.849998474121094,63.849998474121094,1272500,TDOC
2018-07-30,63.75,64.5,59.54999923706055,61.04999923706055,61.04999923706055,2741600,TDOC
2018-07-31,61.04999923706055,63.70000076293945,59.599998474121094,59.849998474121094,59.849998474121094,2054300,TDOC
2018-08-01,59.849998474121094,62.70000076293945,59.79999923706055,61.849998474121094,61.849998474121094,2138700,TDOC
2018-08-02,62.70000076293945,65.5,61.349998474121094,65.25,65.25,2728700,TDOC
2018-08-03,62.70000076293945,66.25,62.25,62.5,62.5,1095600,TDOC
2018-08-06,62.5,66.5999984741211,62.375,66.0,66.0,1636200,TDOC
2018-08-07,66.0,67.6500015258789,65.94999694824219,66.69999694824219,66.69999694824219,1254400,TDOC
2018-08-08,67.25,69.92500305175781,66.75,69.3499984741211,69.3499984741211,2310500,TDOC
2018-08-09,69.9000015258789,70.9000015258789,68.75,69.0,69.0,1374000,TDOC
2018-08-10,68.6500015258789,71.9000015258789,68.55000305175781,71.8499984741211,71.8499984741211,3588200,TDOC
2018-08-13,72.0,73.25,69.08999633789062,69.5,69.5,1732200,TDOC
2018-08-14,69.44999694824219,71.9000015258789,69.0,71.69999694824219,71.69999694824219,962100,TDOC
2018-08-15,70.8499984741211,71.4000015258789,69.4000015258789,70.75,70.75,865100,TDOC
2018-08-16,72.5,72.94999694824219,70.37300109863281,72.5999984741211,72.5999984741211,1117600,TDOC
2018-08-17,72.69999694824219,73.94999694824219,71.8499984741211,73.94999694824219,73.94999694824219,1123900,TDOC
2018-08-20,74.05000305175781,76.75,73.3499984741211,75.30000305175781,75.30000305175781,1429200,TDOC
2018-08-21,75.5999984741211,75.9000015258789,74.5999984741211,74.8499984741211,74.8499984741211,1255800,TDOC
2018-08-22,74.5999984741211,76.19999694824219,73.5,75.69999694824219,75.69999694824219,1133500,TDOC
2018-08-23,75.8499984741211,77.25,75.30000305175781,75.80000305175781,75.80000305175781,1026300,TDOC
2018-08-24,76.25,76.55000305175781,75.32499694824219,75.75,75.75,1286300,TDOC
2018-08-27,77.1500015258789,77.19999694824219,73.55000305175781,74.05000305175781,74.05000305175781,1633900,TDOC
2018-08-28,73.80000305175781,74.5999984741211,71.80000305175781,74.5,74.5,1280300,TDOC
2018-08-29,75.0,75.4000015258789,73.1500015258789,74.05000305175781,74.05000305175781,1178600,TDOC
2018-08-30,73.8499984741211,76.5,73.6500015258789,75.94999694824219,75.94999694824219,1085600,TDOC
2018-08-31,75.8499984741211,77.9000015258789,75.80000305175781,77.55000305175781,77.55000305175781,1001900,TDOC
2018-09-04,77.55000305175781,79.30000305175781,77.19999694824219,79.1500015258789,79.1500015258789,1004000,TDOC
2018-09-05,79.25,79.63999938964844,74.75,77.30000305175781,77.30000305175781,1224700,TDOC
2018-09-06,77.3499984741211,78.11599731445312,74.5,76.44999694824219,76.44999694824219,1009300,TDOC
2018-09-07,76.0,79.1500015258789,75.44999694824219,77.05000305175781,77.05000305175781,876100,TDOC
2018-09-10,77.75,78.4000015258789,76.30000305175781,77.1500015258789,77.1500015258789,953700,TDOC
2018-09-11,77.1500015258789,78.6500015258789,76.75,78.1500015258789,78.1500015258789,1642800,TDOC
2018-09-12,78.19999694824219,78.8499984741211,74.6500015258789,76.94999694824219,76.94999694824219,1095500,TDOC
2018-09-13,77.1500015258789,78.5,77.0989990234375,77.75,77.75,762000,TDOC
2018-09-14,77.75,78.3499984741211,76.8499984741211,77.30000305175781,77.30000305175781,947100,TDOC
2018-09-17,77.0,77.25,73.8499984741211,74.5999984741211,74.5999984741211,1090000,TDOC
2018-09-18,74.5999984741211,78.25,74.5999984741211,76.94999694824219,76.94999694824219,1000600,TDOC
2018-09-19,76.75,77.80000305175781,74.4000015258789,75.44999694824219,75.44999694824219,909100,TDOC
2018-09-20,75.69999694824219,76.0999984741211,73.69999694824219,75.4000015258789,75.4000015258789,1108200,TDOC
2018-09-21,75.80000305175781,78.44999694824219,75.5999984741211,78.0999984741211,78.0999984741211,1437600,TDOC
2018-09-24,78.0999984741211,81.05000305175781,77.5999984741211,78.5,78.5,1446600,TDOC
2018-09-25,78.69999694824219,82.4000015258789,78.0999984741211,80.75,80.75,2663900,TDOC
2018-09-26,81.1500015258789,81.4000015258789,78.4000015258789,78.55000305175781,78.55000305175781,1368100,TDOC
2018-09-27,78.5999984741211,83.75,78.5999984741211,82.5,82.5,1692700,TDOC
2018-09-28,82.5999984741211,86.6500015258789,82.5999984741211,86.3499984741211,86.3499984741211,1920800,TDOC
2018-10-01,86.77999877929688,89.0459976196289,83.4000015258789,83.72000122070312,83.72000122070312,1876300,TDOC
2018-10-02,83.94999694824219,85.4000015258789,79.27999877929688,80.37000274658203,80.37000274658203,2013600,TDOC
2018-10-03,80.5,81.22000122070312,78.09300231933594,79.9000015258789,79.9000015258789,1692100,TDOC
2018-10-04,79.30999755859375,80.91000366210938,77.13999938964844,78.06999969482422,78.06999969482422,1537700,TDOC
2018-10-05,78.19999694824219,79.37899780273438,73.19999694824219,75.83000183105469,75.83000183105469,2187600,TDOC
2018-10-08,74.43000030517578,75.30999755859375,70.0199966430664,71.0,71.0,2530400,TDOC
2018-10-09,70.2300033569336,72.44000244140625,67.63999938964844,69.25,69.25,2811700,TDOC
2018-10-10,69.55000305175781,69.95999908447266,63.099998474121094,63.43000030517578,63.43000030517578,4294600,TDOC
2018-10-11,62.599998474121094,66.33999633789062,62.02000045776367,62.43000030517578,62.43000030517578,3242400,TDOC
2018-10-12,65.75,67.5,64.5,65.94000244140625,65.94000244140625,2619600,TDOC
2018-10-15,67.0,68.20999908447266,65.20500183105469,66.37000274658203,66.37000274658203,1922900,TDOC
2018-10-16,67.05999755859375,71.69999694824219,66.5999984741211,70.87000274658203,70.87000274658203,2078000,TDOC
2018-10-17,70.87000274658203,71.94000244140625,68.8499984741211,69.94999694824219,69.94999694824219,1286100,TDOC
2018-10-18,70.0,71.83999633789062,67.76000213623047,68.2300033569336,68.2300033569336,1213200,TDOC
2018-10-19,68.7699966430664,70.5,66.5199966430664,67.08999633789062,67.08999633789062,839500,TDOC
2018-10-22,67.16999816894531,69.76000213623047,66.44999694824219,69.13999938964844,69.13999938964844,1176700,TDOC
2018-10-23,67.12000274658203,68.4800033569336,65.44000244140625,67.18000030517578,67.18000030517578,2178200,TDOC
2018-10-24,67.0999984741211,68.47000122070312,61.529998779296875,62.150001525878906,62.150001525878906,1284600,TDOC
2018-10-25,62.939998626708984,67.11000061035156,62.5,65.95999908447266,65.95999908447266,1390900,TDOC
2018-10-26,62.95000076293945,64.94999694824219,59.840999603271484,62.5099983215332,62.5099983215332,1817400,TDOC
2018-10-29,63.209999084472656,66.08999633789062,61.20500183105469,63.220001220703125,63.220001220703125,1756500,TDOC
2018-10-30,63.11000061035156,67.5739974975586,63.0,67.19000244140625,67.19000244140625,1699200,TDOC
2018-10-31,68.58000183105469,70.97000122070312,68.30000305175781,69.33999633789062,69.33999633789062,1590800,TDOC
2018-11-01,69.33999633789062,71.2699966430664,65.13999938964844,69.5199966430664,69.5199966430664,2870500,TDOC
2018-11-02,68.19999694824219,75.93000030517578,66.69999694824219,72.51000213623047,72.51000213623047,3376900,TDOC
2018-11-05,72.30999755859375,72.30999755859375,62.619998931884766,63.34000015258789,63.34000015258789,4078300,TDOC
2018-11-06,63.5,65.9800033569336,62.849998474121094,63.40999984741211,63.40999984741211,1906400,TDOC
2018-11-07,64.44000244140625,69.19999694824219,64.25,68.27999877929688,68.27999877929688,2029400,TDOC
2018-11-08,67.88999938964844,68.04199981689453,65.0,65.33000183105469,65.33000183105469,993300,TDOC
2018-11-09,65.0,65.44999694824219,60.70000076293945,62.4900016784668,62.4900016784668,1470000,TDOC
2018-11-12,62.709999084472656,63.2400016784668,59.0,60.560001373291016,60.560001373291016,1278800,TDOC
2018-11-13,61.16999816894531,63.165000915527344,58.279998779296875,58.5099983215332,58.5099983215332,1430400,TDOC
2018-11-14,59.0,60.189998626708984,56.25,57.400001525878906,57.400001525878906,1614300,TDOC
2018-11-15,57.27000045776367,60.43000030517578,56.29999923706055,60.290000915527344,60.290000915527344,1862100,TDOC
2018-11-16,59.97999954223633,61.849998474121094,58.13999938964844,59.08000183105469,59.08000183105469,1586700,TDOC
2018-11-19,58.61000061035156,59.38999938964844,52.86000061035156,52.939998626708984,52.939998626708984,2819200,TDOC
2018-11-20,50.11000061035156,55.7400016784668,48.34000015258789,54.7599983215332,54.7599983215332,2782700,TDOC
2018-11-21,55.7400016784668,56.650001525878906,53.89500045776367,54.91999816894531,54.91999816894531,1075100,TDOC
2018-11-23,54.0,57.2400016784668,53.97999954223633,55.75,55.75,512900,TDOC
2018-11-26,56.5,59.369998931884766,56.0,58.40999984741211,58.40999984741211,1127400,TDOC
2018-11-27,57.84000015258789,59.45000076293945,56.11000061035156,59.349998474121094,59.349998474121094,932800,TDOC
2018-11-28,60.59000015258789,63.61000061035156,59.86000061035156,63.540000915527344,63.540000915527344,1322800,TDOC
2018-11-29,63.02000045776367,64.66999816894531,61.27000045776367,64.08999633789062,64.08999633789062,1160500,TDOC
2018-11-30,63.9900016784668,65.54000091552734,61.75,62.45000076293945,62.45000076293945,1322100,TDOC
2018-12-03,64.13999938964844,65.08999633789062,62.78099822998047,64.87999725341797,64.87999725341797,1354400,TDOC
2018-12-04,64.3499984741211,66.1500015258789,59.209999084472656,59.810001373291016,59.810001373291016,2168800,TDOC
2018-12-06,56.560001373291016,57.25,53.709999084472656,55.810001373291016,55.810001373291016,4132800,TDOC
2018-12-07,55.25,56.834999084472656,51.689998626708984,53.40999984741211,53.40999984741211,2298100,TDOC
2018-12-10,52.88999938964844,55.439998626708984,52.2400016784668,52.34000015258789,52.34000015258789,1849300,TDOC
2018-12-11,53.939998626708984,55.04999923706055,52.52000045776367,53.4900016784668,53.4900016784668,2418100,TDOC
2018-12-12,54.619998931884766,55.93000030517578,53.57500076293945,53.709999084472656,53.709999084472656,1618400,TDOC
2018-12-13,53.86000061035156,54.630001068115234,51.31999969482422,52.45000076293945,52.45000076293945,2012600,TDOC
2018-12-14,51.130001068115234,53.32500076293945,50.900001525878906,51.16999816894531,51.16999816894531,1467900,TDOC
2018-12-17,47.75,50.959999084472656,46.680999755859375,47.869998931884766,47.869998931884766,3555700,TDOC
2018-12-18,48.31999969482422,50.2400016784668,47.290000915527344,47.9900016784668,47.9900016784668,1911100,TDOC
2018-12-19,48.25,50.380001068115234,47.63999938964844,48.58000183105469,48.58000183105469,1533400,TDOC
2018-12-20,48.08000183105469,48.65999984741211,43.400001525878906,45.869998931884766,45.869998931884766,2750100,TDOC
2018-12-21,45.959999084472656,47.63999938964844,43.67399978637695,44.0099983215332,44.0099983215332,2521500,TDOC
2018-12-24,43.43000030517578,45.369998931884766,42.08000183105469,42.880001068115234,42.880001068115234,1256900,TDOC
2018-12-26,43.279998779296875,48.400001525878906,43.0,48.33000183105469,48.33000183105469,1789500,TDOC
2018-12-27,47.099998474121094,48.36000061035156,45.61000061035156,48.33000183105469,48.33000183105469,1224200,TDOC
2018-12-28,48.7599983215332,49.900001525878906,47.06999969482422,48.40999984741211,48.40999984741211,968200,TDOC
2018-12-31,49.02000045776367,49.9900016784668,48.5,49.56999969482422,49.56999969482422,1170500,TDOC
2019-01-02,48.189998626708984,49.09299850463867,47.25,48.18000030517578,48.18000030517578,1410100,TDOC
2019-01-03,47.72999954223633,48.40999984741211,46.0,46.22999954223633,46.22999954223633,1015000,TDOC
2019-01-04,47.7599983215332,50.810001373291016,47.25,49.439998626708984,49.439998626708984,1602200,TDOC
2019-01-07,48.75,52.25,48.45000076293945,52.130001068115234,52.130001068115234,1770900,TDOC
2019-01-08,53.880001068115234,55.15999984741211,52.75,53.779998779296875,53.779998779296875,2027500,TDOC
2019-01-09,54.41999816894531,55.7599983215332,53.93000030517578,55.06999969482422,55.06999969482422,1634600,TDOC
2019-01-10,54.529998779296875,55.84000015258789,53.400001525878906,55.54999923706055,55.54999923706055,822600,TDOC
2019-01-11,54.630001068115234,55.970001220703125,54.47999954223633,55.470001220703125,55.470001220703125,753700,TDOC
2019-01-14,56.0,57.939998626708984,55.279998779296875,57.130001068115234,57.130001068115234,1807500,TDOC
2019-01-15,57.0,59.630001068115234,57.0,59.2400016784668,59.2400016784668,1452300,TDOC
2019-01-16,60.0,61.68000030517578,59.5,60.43000030517578,60.43000030517578,1399500,TDOC
2019-01-17,59.900001525878906,63.542999267578125,59.900001525878906,63.290000915527344,63.290000915527344,1958800,TDOC
2019-01-18,64.16999816894531,64.27999877929688,61.5099983215332,62.380001068115234,62.380001068115234,1793900,TDOC
2019-01-22,60.93000030517578,62.040000915527344,59.779998779296875,60.47999954223633,60.47999954223633,1149700,TDOC
2019-01-23,60.939998626708984,61.349998474121094,58.86000061035156,60.16999816894531,60.16999816894531,1565400,TDOC
2019-01-24,59.88999938964844,61.47999954223633,59.48099899291992,61.029998779296875,61.029998779296875,780800,TDOC
2019-01-25,61.599998474121094,63.2400016784668,61.08000183105469,63.0,63.0,906900,TDOC
2019-01-28,62.08000183105469,62.5099983215332,60.54999923706055,62.040000915527344,62.040000915527344,601100,TDOC
2019-01-29,62.130001068115234,62.650001525878906,60.2400016784668,60.7599983215332,60.7599983215332,956800,TDOC
2019-01-30,61.45000076293945,62.49100112915039,60.29999923706055,62.06999969482422,62.06999969482422,703400,TDOC
2019-01-31,62.529998779296875,64.56999969482422,62.11000061035156,64.19999694824219,64.19999694824219,1098000,TDOC
2019-02-01,64.5,64.5199966430664,63.12699890136719,63.20000076293945,63.20000076293945,1167500,TDOC
2019-02-04,63.380001068115234,65.7300033569336,63.25,64.41999816894531,64.41999816894531,1181800,TDOC
2019-02-05,64.75,65.31099700927734,63.33000183105469,63.81999969482422,63.81999969482422,1092800,TDOC
2019-02-06,63.959999084472656,64.9800033569336,62.88999938964844,64.0,64.0,1086700,TDOC
2019-02-07,63.150001525878906,63.650001525878906,60.56999969482422,62.25,62.25,1050600,TDOC
2019-02-08,61.689998626708984,62.66999816894531,61.689998626708984,62.59000015258789,62.59000015258789,703000,TDOC
2019-02-11,63.2400016784668,64.37999725341797,62.40999984741211,63.56999969482422,63.56999969482422,728800,TDOC
2019-02-12,64.05000305175781,65.83499908447266,64.0,65.7699966430664,65.7699966430664,758100,TDOC
2019-02-13,66.13999938964844,67.25,64.91999816894531,66.6500015258789,66.6500015258789,938100,TDOC
2019-02-14,66.23999786376953,67.25,66.08999633789062,66.58000183105469,66.58000183105469,746400,TDOC
2019-02-15,67.20999908447266,69.5199966430664,66.79900360107422,69.43000030517578,69.43000030517578,1444100,TDOC
2019-02-19,69.45999908447266,70.05000305175781,68.8239974975586,69.98999786376953,69.98999786376953,1038300,TDOC
2019-02-20,69.83000183105469,70.91999816894531,68.61000061035156,69.5,69.5,922900,TDOC
2019-02-21,69.7300033569336,69.81099700927734,67.16999816894531,68.25,68.25,1078900,TDOC
2019-02-22,68.47000122070312,69.26000213623047,67.8499984741211,69.1500015258789,69.1500015258789,814800,TDOC
2019-02-25,70.0,70.6780014038086,69.19999694824219,69.9800033569336,69.9800033569336,827600,TDOC
2019-02-26,69.52999877929688,69.9800033569336,67.23999786376953,67.41000366210938,67.41000366210938,1242700,TDOC
2019-02-27,67.73999786376953,69.33999633789062,67.5,68.98999786376953,68.98999786376953,2943700,TDOC
2019-02-28,65.87000274658203,70.29000091552734,62.0,64.36000061035156,64.36000061035156,5338100,TDOC
2019-03-01,64.73999786376953,68.02999877929688,64.54000091552734,67.55000305175781,67.55000305175781,1831700,TDOC
2019-03-04,67.55000305175781,67.55999755859375,62.29999923706055,63.130001068115234,63.130001068115234,2672600,TDOC
2019-03-05,63.70000076293945,64.41300201416016,61.88999938964844,63.75,63.75,1684600,TDOC
2019-03-06,63.400001525878906,63.68600082397461,60.13999938964844,60.15999984741211,60.15999984741211,1660000,TDOC
2019-03-07,60.15999984741211,61.560001373291016,59.029998779296875,59.31999969482422,59.31999969482422,1611400,TDOC
2019-03-08,57.650001525878906,59.279998779296875,57.58000183105469,58.91999816894531,58.91999816894531,926800,TDOC
2019-03-11,59.400001525878906,59.68000030517578,58.599998474121094,58.7400016784668,58.7400016784668,1257900,TDOC
2019-03-12,59.0,59.220001220703125,57.97999954223633,58.09000015258789,58.09000015258789,2129000,TDOC
2019-03-13,58.56999969482422,60.99599838256836,58.13999938964844,60.150001525878906,60.150001525878906,2205500,TDOC
2019-03-14,60.0,61.40999984741211,59.45000076293945,60.939998626708984,60.939998626708984,1437700,TDOC
2019-03-15,61.0,63.279998779296875,60.56999969482422,62.86000061035156,62.86000061035156,1968200,TDOC
2019-03-18,62.849998474121094,63.77000045776367,62.08000183105469,63.099998474121094,63.099998474121094,1416900,TDOC
2019-03-19,63.650001525878906,63.72999954223633,62.5,63.119998931884766,63.119998931884766,1099200,TDOC
2019-03-20,62.95000076293945,63.11000061035156,61.099998474121094,61.9900016784668,61.9900016784668,1141700,TDOC
2019-03-21,61.4900016784668,63.56999969482422,61.08000183105469,63.2599983215332,63.2599983215332,860500,TDOC
2019-03-22,62.70000076293945,63.354000091552734,58.689998626708984,58.77000045776367,58.77000045776367,1703300,TDOC
2019-03-25,58.77000045776367,59.060001373291016,55.20000076293945,55.65999984741211,55.65999984741211,2848300,TDOC
2019-03-26,56.34000015258789,56.58000183105469,52.14400100708008,52.5,52.5,2760900,TDOC
2019-03-27,52.34000015258789,52.44200134277344,49.48500061035156,50.869998931884766,50.869998931884766,2847200,TDOC
2019-03-28,51.65999984741211,54.02000045776367,51.5,53.68000030517578,53.68000030517578,2228900,TDOC
2019-03-29,54.18000030517578,56.09000015258789,53.83000183105469,55.599998474121094,55.599998474121094,2160800,TDOC
2019-04-01,56.25,57.0,53.29999923706055,53.630001068115234,53.630001068115234,1327300,TDOC
2019-04-02,53.599998474121094,55.86000061035156,53.36000061035156,55.52000045776367,55.52000045776367,1400200,TDOC
2019-04-03,56.16999816894531,56.48899841308594,54.66999816894531,55.459999084472656,55.459999084472656,1686000,TDOC
2019-04-04,56.0,57.099998474121094,55.349998474121094,57.0099983215332,57.0099983215332,1412800,TDOC
2019-04-05,57.13999938964844,58.880001068115234,56.88999938964844,58.4900016784668,58.4900016784668,976200,TDOC
2019-04-08,58.38999938964844,58.525001525878906,55.54499816894531,57.060001373291016,57.060001373291016,1709800,TDOC
2019-04-09,56.84000015258789,57.47999954223633,55.75,55.93000030517578,55.93000030517578,1164000,TDOC
2019-04-10,55.79999923706055,56.86000061035156,54.790000915527344,56.56999969482422,56.56999969482422,1551200,TDOC
2019-04-11,56.79999923706055,56.900001525878906,54.970001220703125,55.150001525878906,55.150001525878906,982800,TDOC
2019-04-12,55.61000061035156,55.95000076293945,53.18000030517578,53.45000076293945,53.45000076293945,1541500,TDOC
2019-04-15,53.79999923706055,54.790000915527344,53.459999084472656,54.029998779296875,54.029998779296875,865400,TDOC
2019-04-16,54.349998474121094,54.606998443603516,52.334999084472656,52.54999923706055,52.54999923706055,1652100,TDOC
2019-04-17,53.5,53.582000732421875,49.0,49.86000061035156,49.86000061035156,4241300,TDOC
2019-04-18,50.220001220703125,51.77000045776367,48.56999969482422,51.599998474121094,51.599998474121094,2161900,TDOC
2019-04-22,51.709999084472656,55.0,51.709999084472656,54.959999084472656,54.959999084472656,2158600,TDOC
2019-04-23,55.0,55.83000183105469,54.060001373291016,54.36000061035156,54.36000061035156,2146100,TDOC
2019-04-24,54.36000061035156,55.099998474121094,53.630001068115234,54.459999084472656,54.459999084472656,1253900,TDOC
2019-04-25,54.400001525878906,55.900001525878906,53.82500076293945,55.029998779296875,55.029998779296875,887400,TDOC
2019-04-26,55.20000076293945,57.869998931884766,54.04999923706055,57.75,57.75,1722000,TDOC
2019-04-29,57.84000015258789,59.64400100708008,57.0,59.189998626708984,59.189998626708984,2870800,TDOC
2019-04-30,59.16999816894531,59.18000030517578,56.290000915527344,56.880001068115234,56.880001068115234,2103500,TDOC
2019-05-01,60.0,64.0,56.67499923706055,58.0,58.0,3464000,TDOC
2019-05-02,58.0,58.685001373291016,56.220001220703125,58.0,58.0,1553100,TDOC
2019-05-03,57.75,60.9900016784668,57.53499984741211,60.93000030517578,60.93000030517578,1731600,TDOC
2019-05-06,58.70000076293945,62.680999755859375,58.36000061035156,62.54999923706055,62.54999923706055,1581000,TDOC
2019-05-07,61.54999923706055,62.560001373291016,60.869998931884766,61.720001220703125,61.720001220703125,1610600,TDOC
2019-05-08,61.56999969482422,63.04999923706055,61.0099983215332,61.560001373291016,61.560001373291016,875100,TDOC
2019-05-09,60.689998626708984,62.099998474121094,59.400001525878906,61.5,61.5,795700,TDOC
2019-05-10,61.0,61.64500045776367,58.900001525878906,60.970001220703125,60.970001220703125,839600,TDOC
2019-05-13,58.6349983215332,59.7400016784668,56.880001068115234,58.029998779296875,58.029998779296875,1327600,TDOC
2019-05-14,58.5099983215332,59.529998779296875,58.099998474121094,58.52000045776367,58.52000045776367,960100,TDOC
2019-05-15,57.59000015258789,60.224998474121094,57.29999923706055,59.099998474121094,59.099998474121094,1371500,TDOC
2019-05-16,59.0,62.65999984741211,59.0,61.47999954223633,61.47999954223633,1815100,TDOC
2019-05-17,60.689998626708984,62.220001220703125,59.25,59.43000030517578,59.43000030517578,1219500,TDOC
2019-05-20,58.470001220703125,61.11000061035156,58.06999969482422,60.61000061035156,60.61000061035156,873000,TDOC
2019-05-21,61.25,63.560001373291016,61.13999938964844,63.18000030517578,63.18000030517578,937000,TDOC
2019-05-22,62.599998474121094,63.279998779296875,62.0,63.029998779296875,63.029998779296875,701200,TDOC
2019-05-23,62.0,62.060001373291016,59.15999984741211,59.88999938964844,59.88999938964844,1060600,TDOC
2019-05-24,59.88999938964844,61.29999923706055,59.650001525878906,61.20000076293945,61.20000076293945,620600,TDOC
2019-05-28,61.54999923706055,61.93000030517578,60.869998931884766,61.20000076293945,61.20000076293945,830400,TDOC
2019-05-29,60.459999084472656,60.849998474121094,57.349998474121094,58.040000915527344,58.040000915527344,1359300,TDOC
2019-05-30,58.5,59.369998931884766,57.40999984741211,58.099998474121094,58.099998474121094,1035300,TDOC
2019-05-31,57.099998474121094,58.900001525878906,56.150001525878906,58.119998931884766,58.119998931884766,627000,TDOC
2019-06-03,58.0,58.0,53.459999084472656,53.97999954223633,53.97999954223633,2052300,TDOC
2019-06-04,54.5,55.91999816894531,53.81999969482422,55.75,55.75,1825900,TDOC
2019-06-05,56.45000076293945,56.5,53.880001068115234,55.13999938964844,55.13999938964844,943400,TDOC
2019-06-06,55.150001525878906,55.69599914550781,54.0099983215332,54.27000045776367,54.27000045776367,716500,TDOC
2019-06-07,54.65999984741211,56.2599983215332,54.65999984741211,55.70000076293945,55.70000076293945,713000,TDOC
2019-06-10,56.58000183105469,59.2599983215332,56.52000045776367,57.470001220703125,57.470001220703125,1042300,TDOC
2019-06-11,58.099998474121094,58.79999923706055,57.369998931884766,58.06999969482422,58.06999969482422,815300,TDOC
2019-06-12,57.939998626708984,58.209999084472656,56.599998474121094,57.7400016784668,57.7400016784668,726000,TDOC
2019-06-13,58.650001525878906,59.95000076293945,58.29999923706055,59.2599983215332,59.2599983215332,1070900,TDOC
2019-06-14,59.290000915527344,59.720001220703125,58.619998931884766,58.66999816894531,58.66999816894531,716200,TDOC
2019-06-17,58.849998474121094,60.54999923706055,58.849998474121094,60.02000045776367,60.02000045776367,722900,TDOC
2019-06-18,60.70000076293945,61.90999984741211,59.97999954223633,60.90999984741211,60.90999984741211,1071200,TDOC
2019-06-19,61.2400016784668,61.709999084472656,60.029998779296875,61.619998931884766,61.619998931884766,905600,TDOC
2019-06-20,62.2599983215332,63.13999938964844,61.439998626708984,62.77000045776367,62.77000045776367,1095900,TDOC
2019-06-21,62.43000030517578,63.939998626708984,62.0099983215332,63.5,63.5,1431700,TDOC
2019-06-24,63.75,63.95000076293945,61.970001220703125,62.75,62.75,854800,TDOC
2019-06-25,62.7599983215332,62.9900016784668,60.20000076293945,60.72999954223633,60.72999954223633,1013500,TDOC
2019-06-26,61.459999084472656,61.91999816894531,59.79999923706055,60.08000183105469,60.08000183105469,751800,TDOC
2019-06-27,60.400001525878906,62.900001525878906,60.209999084472656,62.81999969482422,62.81999969482422,775200,TDOC
2019-06-28,63.0,66.55999755859375,62.939998626708984,66.41000366210938,66.41000366210938,2741300,TDOC
2019-07-01,67.80999755859375,68.19000244140625,66.63999938964844,67.69999694824219,67.69999694824219,1096400,TDOC
2019-07-02,67.41000366210938,67.66500091552734,66.25,66.91999816894531,66.91999816894531,963500,TDOC
2019-07-03,67.43000030517578,67.62999725341797,66.26000213623047,67.27999877929688,67.27999877929688,623600,TDOC
2019-07-05,66.70999908447266,68.86000061035156,66.2699966430664,68.27999877929688,68.27999877929688,585900,TDOC
2019-07-08,68.0,69.25,67.30000305175781,69.13999938964844,69.13999938964844,866300,TDOC
2019-07-09,68.58000183105469,69.72000122070312,68.26000213623047,69.66999816894531,69.66999816894531,1681600,TDOC
2019-07-10,70.0,70.66999816894531,69.24500274658203,69.63999938964844,69.63999938964844,871100,TDOC
2019-07-11,70.18000030517578,71.1500015258789,69.75,71.0999984741211,71.0999984741211,701500,TDOC
2019-07-12,71.02999877929688,71.4800033569336,70.25,70.62000274658203,70.62000274658203,921300,TDOC
2019-07-15,70.81999969482422,71.72000122070312,70.58999633789062,71.33999633789062,71.33999633789062,584800,TDOC
2019-07-16,71.30000305175781,71.31199645996094,69.06999969482422,69.19999694824219,69.19999694824219,735500,TDOC
2019-07-17,68.80000305175781,69.47000122070312,68.0,68.44000244140625,68.44000244140625,1023100,TDOC
2019-07-18,68.44000244140625,69.19000244140625,67.5,68.52999877929688,68.52999877929688,960400,TDOC
2019-07-19,69.05999755859375,69.4000015258789,68.0999984741211,68.55000305175781,68.55000305175781,602100,TDOC
2019-07-22,68.97000122070312,71.0,68.58000183105469,70.13999938964844,70.13999938964844,2284600,TDOC
2019-07-23,70.68000030517578,70.95999908447266,65.37000274658203,67.13999938964844,67.13999938964844,1721400,TDOC
2019-07-24,66.9800033569336,69.3499984741211,66.0999984741211,69.23999786376953,69.23999786376953,950600,TDOC
2019-07-25,69.23999786376953,69.23999786376953,66.30999755859375,66.80999755859375,66.80999755859375,1087000,TDOC
2019-07-26,67.1500015258789,69.76000213623047,66.94999694824219,69.52999877929688,69.52999877929688,906900,TDOC
2019-07-29,69.54000091552734,69.75,67.4000015258789,68.5,68.5,773600,TDOC
2019-07-30,67.77999877929688,70.1500015258789,67.11000061035156,70.13999938964844,70.13999938964844,1011600,TDOC
2019-07-31,70.16000366210938,70.79000091552734,67.31999969482422,68.23999786376953,68.23999786376953,1722700,TDOC
2019-08-01,69.0199966430664,74.0,66.47000122070312,71.44999694824219,71.44999694824219,2800100,TDOC
2019-08-02,71.36000061035156,71.43000030517578,67.43000030517578,69.62999725341797,69.62999725341797,1119200,TDOC
2019-08-05,66.9000015258789,68.13999938964844,64.5,65.5999984741211,65.5999984741211,1652300,TDOC
2019-08-06,66.69999694824219,69.0999984741211,66.62000274658203,67.08999633789062,67.08999633789062,1193000,TDOC
2019-08-07,65.55999755859375,66.51000213623047,64.55000305175781,65.94000244140625,65.94000244140625,1309000,TDOC
2019-08-08,66.0,67.6449966430664,65.94999694824219,66.5,66.5,2053000,TDOC
2019-08-09,66.37000274658203,66.83000183105469,64.66000366210938,64.87000274658203,64.87000274658203,795000,TDOC
2019-08-12,64.26000213623047,66.7300033569336,63.439998626708984,65.38999938964844,65.38999938964844,842100,TDOC
2019-08-13,65.54000091552734,67.12999725341797,65.01000213623047,65.91999816894531,65.91999816894531,655200,TDOC
2019-08-14,64.12999725341797,64.6500015258789,60.720001220703125,61.5,61.5,1566300,TDOC
2019-08-15,61.45000076293945,61.529998779296875,56.334999084472656,56.939998626708984,56.939998626708984,2681700,TDOC
2019-08-16,58.0,61.209999084472656,57.900001525878906,60.43000030517578,60.43000030517578,2038700,TDOC
2019-08-19,61.599998474121094,61.95000076293945,60.560001373291016,61.119998931884766,61.119998931884766,841200,TDOC
2019-08-20,60.9900016784668,61.599998474121094,60.130001068115234,60.279998779296875,60.279998779296875,876300,TDOC
2019-08-21,61.119998931884766,61.56999969482422,60.29999923706055,60.61000061035156,60.61000061035156,627300,TDOC
2019-08-22,60.939998626708984,61.26499938964844,59.7599983215332,59.779998779296875,59.779998779296875,570200,TDOC
2019-08-23,59.630001068115234,60.13999938964844,55.64500045776367,56.04999923706055,56.04999923706055,1332900,TDOC
2019-08-26,57.0,57.41999816894531,55.45000076293945,55.93000030517578,55.93000030517578,797900,TDOC
2019-08-27,56.41999816894531,57.47999954223633,54.849998474121094,55.29999923706055,55.29999923706055,931700,TDOC
2019-08-28,55.130001068115234,56.29999923706055,54.58100128173828,55.900001525878906,55.900001525878906,511300,TDOC
2019-08-29,56.900001525878906,58.0,56.52000045776367,57.5,57.5,767500,TDOC
2019-08-30,58.2400016784668,58.2400016784668,56.369998931884766,57.880001068115234,57.880001068115234,579200,TDOC
2019-09-03,57.540000915527344,57.986000061035156,55.939998626708984,56.470001220703125,56.470001220703125,686000,TDOC
2019-09-04,57.18000030517578,60.369998931884766,56.54999923706055,59.15999984741211,59.15999984741211,3286200,TDOC
2019-09-05,60.5,62.34000015258789,59.630001068115234,61.0099983215332,61.0099983215332,1590600,TDOC
2019-09-06,61.41999816894531,63.400001525878906,60.52000045776367,62.31999969482422,62.31999969482422,1424100,TDOC
2019-09-09,62.439998626708984,63.09000015258789,59.31999969482422,62.93000030517578,62.93000030517578,1215000,TDOC
2019-09-10,62.439998626708984,65.06999969482422,62.375,64.77999877929688,64.77999877929688,1209100,TDOC
2019-09-11,65.19999694824219,68.18000030517578,64.37000274658203,68.08000183105469,68.08000183105469,1351300,TDOC
2019-09-12,68.77999877929688,70.45999908447266,67.52999877929688,69.05000305175781,69.05000305175781,2453900,TDOC
2019-09-13,69.5,71.0,68.55999755859375,70.38999938964844,70.38999938964844,2014200,TDOC
2019-09-16,69.62000274658203,69.95999908447266,67.91600036621094,68.16000366210938,68.16000366210938,1038700,TDOC
2019-09-17,68.2300033569336,69.33999633789062,67.2699966430664,68.69999694824219,68.69999694824219,662400,TDOC
2019-09-18,68.62999725341797,69.31999969482422,66.27999877929688,67.44999694824219,67.44999694824219,951300,TDOC
2019-09-19,67.97000122070312,70.30000305175781,67.62000274658203,68.7300033569336,68.7300033569336,1111600,TDOC
2019-09-20,69.2300033569336,72.7300033569336,69.2300033569336,72.1500015258789,72.1500015258789,1901200,TDOC
2019-09-23,71.9000015258789,73.12999725341797,71.0999984741211,72.19999694824219,72.19999694824219,1503400,TDOC
2019-09-24,72.41999816894531,72.66999816894531,69.11000061035156,71.0,71.0,2105700,TDOC
2019-09-25,68.66999816894531,70.11000061035156,66.41999816894531,69.0,69.0,2983200,TDOC
2019-09-26,69.01000213623047,69.66000366210938,67.55999755859375,68.54000091552734,68.54000091552734,1127500,TDOC
2019-09-27,68.91999816894531,68.94000244140625,66.12000274658203,66.5199966430664,66.5199966430664,1455800,TDOC
2019-09-30,66.44000244140625,68.8499984741211,65.20999908447266,67.72000122070312,67.72000122070312,873500,TDOC
2019-10-01,67.69000244140625,69.27999877929688,66.08000183105469,66.81999969482422,66.81999969482422,1776900,TDOC
2019-10-02,66.0,66.0,60.04999923706055,61.540000915527344,61.540000915527344,2950600,TDOC
2019-10-03,61.540000915527344,64.54000091552734,61.52000045776367,64.30999755859375,64.30999755859375,2191400,TDOC
2019-10-04,64.7300033569336,66.83999633789062,64.7300033569336,66.80999755859375,66.80999755859375,1178200,TDOC
2019-10-07,66.76000213623047,68.72000122070312,66.66000366210938,67.87999725341797,67.87999725341797,1036600,TDOC
2019-10-08,67.18000030517578,67.44000244140625,65.55000305175781,65.58999633789062,65.58999633789062,852800,TDOC
2019-10-09,66.0,68.63999938964844,65.4000015258789,67.80999755859375,67.80999755859375,1204500,TDOC
2019-10-10,68.08000183105469,69.25,67.43000030517578,68.01000213623047,68.01000213623047,829900,TDOC
2019-10-11,69.72000122070312,69.80000305175781,67.16999816894531,67.44999694824219,67.44999694824219,1351400,TDOC
2019-10-14,67.5,69.05000305175781,67.02999877929688,68.55999755859375,68.55999755859375,843100,TDOC
2019-10-15,69.2300033569336,70.73999786376953,68.66000366210938,69.80000305175781,69.80000305175781,1167900,TDOC
2019-10-16,69.33000183105469,70.2300033569336,68.7699966430664,69.0199966430664,69.0199966430664,738500,TDOC
2019-10-17,69.70999908447266,70.7300033569336,69.05000305175781,70.41999816894531,70.41999816894531,894900,TDOC
2019-10-18,70.1500015258789,70.36000061035156,68.06099700927734,69.22000122070312,69.22000122070312,628100,TDOC
2019-10-21,69.9000015258789,71.16999816894531,68.30999755859375,68.62999725341797,68.62999725341797,1087200,TDOC
2019-10-22,68.76000213623047,68.9800033569336,67.8499984741211,68.1500015258789,68.1500015258789,646700,TDOC
2019-10-23,68.0,68.9800033569336,66.95999908447266,67.58000183105469,67.58000183105469,494000,TDOC
2019-10-24,66.69999694824219,68.58999633789062,66.2300033569336,68.30000305175781,68.30000305175781,431600,TDOC
2019-10-25,67.77999877929688,70.26000213623047,67.77999877929688,69.7300033569336,69.7300033569336,482400,TDOC
2019-10-28,70.1500015258789,72.33000183105469,70.1500015258789,70.7300033569336,70.7300033569336,989000,TDOC
2019-10-29,70.41000366210938,72.76000213623047,69.33999633789062,71.52999877929688,71.52999877929688,1228000,TDOC
2019-10-30,71.4000015258789,71.44000244140625,67.45999908447266,69.19999694824219,69.19999694824219,1499400,TDOC
2019-10-31,72.33000183105469,78.75,72.30000305175781,76.5999984741211,76.5999984741211,4985100,TDOC
2019-11-01,77.37000274658203,78.58999633789062,74.33000183105469,78.36000061035156,78.36000061035156,2061900,TDOC
2019-11-04,78.36000061035156,80.5,77.4000015258789,80.3499984741211,80.3499984741211,3879500,TDOC
2019-11-05,80.69999694824219,81.44000244140625,78.80999755859375,80.12000274658203,80.12000274658203,1140100,TDOC
2019-11-06,79.83999633789062,80.23999786376953,78.19999694824219,80.0,80.0,960800,TDOC
2019-11-07,80.83999633789062,82.86000061035156,79.33000183105469,80.08999633789062,80.08999633789062,1055700,TDOC
2019-11-08,79.12000274658203,80.68000030517578,78.0999984741211,80.66000366210938,80.66000366210938,883700,TDOC
2019-11-11,79.69000244140625,81.54000091552734,79.33499908447266,81.0,81.0,669800,TDOC
2019-11-12,81.0,82.5199966430664,80.12000274658203,80.76000213623047,80.76000213623047,1033800,TDOC
2019-11-13,80.02999877929688,80.55999755859375,78.9000015258789,79.70999908447266,79.70999908447266,747000,TDOC
2019-11-14,80.05999755859375,80.62999725341797,78.75,78.88999938964844,78.88999938964844,586400,TDOC
2019-11-15,79.4000015258789,81.4800033569336,78.5,80.94000244140625,80.94000244140625,856700,TDOC
2019-11-18,80.4800033569336,82.76000213623047,77.62999725341797,78.1500015258789,78.1500015258789,1186000,TDOC
2019-11-19,78.7300033569336,79.12000274658203,77.80999755859375,78.04000091552734,78.04000091552734,1143600,TDOC
2019-11-20,78.05000305175781,79.94000244140625,76.7699966430664,77.44999694824219,77.44999694824219,1827300,TDOC
2019-11-21,77.7300033569336,78.73200225830078,76.9800033569336,77.5,77.5,890800,TDOC
2019-11-22,80.0,81.5,78.08999633789062,81.4800033569336,81.4800033569336,1664800,TDOC
2019-11-25,81.0999984741211,85.05999755859375,81.0,83.95999908447266,83.95999908447266,2220700,TDOC
2019-11-26,84.0,85.0,82.93000030517578,84.9000015258789,84.9000015258789,1250300,TDOC
2019-11-27,84.98999786376953,86.30000305175781,84.12100219726562,85.87999725341797,85.87999725341797,881400,TDOC
2019-11-29,85.55000305175781,85.80000305175781,83.47000122070312,83.73999786376953,83.73999786376953,455800,TDOC
2019-12-02,81.0999984741211,81.18000030517578,77.37000274658203,78.44000244140625,78.44000244140625,1944800,TDOC
2019-12-03,77.05000305175781,79.16999816894531,75.68000030517578,78.87999725341797,78.87999725341797,1293200,TDOC
2019-12-04,79.93000030517578,80.69999694824219,79.11199951171875,80.05000305175781,80.05000305175781,903200,TDOC
2019-12-05,80.27999877929688,80.3499984741211,78.58999633789062,79.3499984741211,79.3499984741211,1067500,TDOC
2019-12-06,77.25,80.04000091552734,75.19999694824219,80.02999877929688,80.02999877929688,2204300,TDOC
2019-12-09,80.04000091552734,81.20999908447266,78.22000122070312,78.33000183105469,78.33000183105469,1377700,TDOC
2019-12-10,78.44999694824219,79.16999816894531,77.66000366210938,78.11000061035156,78.11000061035156,941900,TDOC
2019-12-11,78.16999816894531,78.69999694824219,77.3499984741211,77.4800033569336,77.4800033569336,856100,TDOC
2019-12-12,77.22000122070312,78.18000030517578,76.9000015258789,77.05000305175781,77.05000305175781,812000,TDOC
2019-12-13,76.95999908447266,77.88999938964844,76.25,76.30999755859375,76.30999755859375,984700,TDOC
2019-12-16,76.30000305175781,78.29000091552734,75.54000091552734,78.16000366210938,78.16000366210938,1156700,TDOC
2019-12-17,78.77999877929688,79.31500244140625,76.61499786376953,79.2699966430664,79.2699966430664,1013200,TDOC
2019-12-18,80.0,82.16999816894531,79.80000305175781,80.94000244140625,80.94000244140625,1496100,TDOC
2019-12-19,81.38999938964844,82.93000030517578,80.48999786376953,82.72000122070312,82.72000122070312,909800,TDOC
2019-12-20,83.12999725341797,84.0,81.19999694824219,81.43000030517578,81.43000030517578,804200,TDOC
2019-12-23,81.58000183105469,83.1050033569336,81.45999908447266,82.79000091552734,82.79000091552734,636600,TDOC
2019-12-24,83.0,83.77999877929688,82.0,82.55999755859375,82.55999755859375,229500,TDOC
2019-12-26,82.93000030517578,83.5199966430664,81.88999938964844,82.5199966430664,82.5199966430664,395700,TDOC
2019-12-27,83.0,84.06999969482422,82.12999725341797,83.3499984741211,83.3499984741211,570400,TDOC
2019-12-30,83.5199966430664,83.9000015258789,81.79499816894531,83.25,83.25,695500,TDOC
2019-12-31,82.81999969482422,84.4000015258789,82.37999725341797,83.72000122070312,83.72000122070312,763400,TDOC
2020-01-02,84.0,84.5,81.94999694824219,83.26000213623047,83.26000213623047,1417300,TDOC
2020-01-03,81.61000061035156,83.5199966430664,81.30000305175781,82.95999908447266,82.95999908447266,551600,TDOC
2020-01-06,82.37000274658203,86.95999908447266,82.2750015258789,86.94000244140625,86.94000244140625,1038100,TDOC
2020-01-07,86.97000122070312,87.19999694824219,85.41000366210938,85.7300033569336,85.7300033569336,970000,TDOC
2020-01-08,86.2300033569336,87.41999816894531,86.0,86.22000122070312,86.22000122070312,949200,TDOC
2020-01-09,86.0,86.44000244140625,85.17500305175781,85.37000274658203,85.37000274658203,983600,TDOC
2020-01-10,85.91999816894531,86.19400024414062,84.77999877929688,85.16000366210938,85.16000366210938,1118800,TDOC
2020-01-13,89.04000091552734,98.9749984741211,88.62999725341797,95.97000122070312,95.97000122070312,4249000,TDOC
2020-01-14,95.72000122070312,98.94999694824219,94.33999633789062,96.87000274658203,96.87000274658203,1878200,TDOC
2020-01-15,96.73999786376953,96.86000061035156,93.1500015258789,94.0,94.0,1565200,TDOC
2020-01-16,94.05000305175781,97.33999633789062,94.04000091552734,96.91000366210938,96.91000366210938,1053400,TDOC
2020-01-17,97.55000305175781,97.87000274658203,95.19999694824219,95.5999984741211,95.5999984741211,1229600,TDOC
2020-01-21,96.88999938964844,101.2750015258789,96.5199966430664,98.25,98.25,1809200,TDOC
2020-01-22,99.94999694824219,102.80000305175781,99.66000366210938,101.41999816894531,101.41999816894531,1705400,TDOC
2020-01-23,101.22000122070312,103.23999786376953,100.5999984741211,102.80000305175781,102.80000305175781,1389000,TDOC
2020-01-24,103.22000122070312,103.52999877929688,97.25,98.0999984741211,98.0999984741211,1330700,TDOC
2020-01-27,95.27999877929688,97.30999755859375,93.55999755859375,95.97000122070312,95.97000122070312,1448100,TDOC
2020-01-28,96.5999984741211,99.9800033569336,96.51000213623047,99.41999816894531,99.41999816894531,887500,TDOC
2020-01-29,100.55999755859375,104.16999816894531,99.2300033569336,103.4800033569336,103.4800033569336,1433500,TDOC
2020-01-30,101.83999633789062,105.16699981689453,101.19000244140625,104.75,104.75,1508800,TDOC
2020-01-31,103.80000305175781,104.61000061035156,99.45999908447266,101.70999908447266,101.70999908447266,1002000,TDOC
2020-02-03,102.69000244140625,103.30000305175781,101.38999938964844,101.98999786376953,101.98999786376953,891400,TDOC
2020-02-04,103.91999816894531,107.44999694824219,103.41999816894531,107.1500015258789,107.1500015258789,1588700,TDOC
2020-02-05,108.94000244140625,109.7300033569336,106.0199966430664,107.05999755859375,107.05999755859375,1377800,TDOC
2020-02-06,107.38999938964844,110.76000213623047,106.95999908447266,108.73999786376953,108.73999786376953,1066600,TDOC
2020-02-07,107.91999816894531,108.06800079345703,105.51000213623047,105.83999633789062,105.83999633789062,1060300,TDOC
2020-02-10,106.0,109.93000030517578,105.8499984741211,109.69999694824219,109.69999694824219,1030800,TDOC
2020-02-11,110.5,112.08999633789062,109.8499984741211,110.43000030517578,110.43000030517578,1050300,TDOC
2020-02-12,108.19000244140625,111.2699966430664,106.0,110.0,110.0,1339200,TDOC
2020-02-13,109.62000274658203,113.08000183105469,108.94000244140625,112.0199966430664,112.0199966430664,1091700,TDOC
2020-02-14,112.5999984741211,113.16000366210938,110.3499984741211,111.7699966430664,111.7699966430664,1090800,TDOC
2020-02-18,111.0,117.87000274658203,110.80000305175781,117.23999786376953,117.23999786376953,1862200,TDOC
2020-02-19,118.63999938964844,119.26000213623047,116.63999938964844,117.36000061035156,117.36000061035156,2199000,TDOC
2020-02-20,117.0,117.1500015258789,111.75,115.9000015258789,115.9000015258789,1894300,TDOC
2020-02-21,115.44999694824219,115.5999984741211,110.75,113.54000091552734,113.54000091552734,1581700,TDOC
2020-02-24,107.5,115.70999908447266,106.05000305175781,114.26000213623047,114.26000213623047,1913500,TDOC
2020-02-25,114.94000244140625,125.91000366210938,110.5,118.4000015258789,118.4000015258789,3651600,TDOC
2020-02-26,120.0,120.26000213623047,113.01000213623047,116.86000061035156,116.86000061035156,3452500,TDOC
2020-02-27,138.89999389648438,148.0,129.0399932861328,135.14999389648438,135.14999389648438,8996500,TDOC
2020-02-28,139.6999969482422,145.0,120.1500015258789,124.95999908447266,124.95999908447266,6011500,TDOC
2020-03-02,126.94000244140625,128.46600341796875,121.05999755859375,124.48999786376953,124.48999786376953,2969900,TDOC
2020-03-03,124.5,124.62999725341797,119.37000274658203,123.58000183105469,123.58000183105469,2242300,TDOC
2020-03-04,125.16999816894531,126.0,122.58999633789062,124.63999938964844,124.63999938964844,2355900,TDOC
2020-03-05,123.4000015258789,138.07000732421875,122.76000213623047,134.3300018310547,134.3300018310547,4000300,TDOC
2020-03-06,139.02999877929688,140.6300048828125,132.36000061035156,135.89999389648438,135.89999389648438,4198500,TDOC
2020-03-09,125.80999755859375,136.08999633789062,120.0,133.5399932861328,133.5399932861328,2441500,TDOC
2020-03-10,137.50999450683594,150.97000122070312,127.56099700927734,146.07000732421875,146.07000732421875,5538800,TDOC
2020-03-11,152.05999755859375,153.75,130.10000610351562,137.39999389648438,137.39999389648438,6149800,TDOC
2020-03-12,126.75,131.7100067138672,117.5999984741211,118.80000305175781,118.80000305175781,3990100,TDOC
2020-03-13,125.55999755859375,140.0,106.41600036621094,127.94999694824219,127.94999694824219,5298400,TDOC
2020-03-16,122.61000061035156,132.74000549316406,115.40499877929688,116.73999786376953,116.73999786376953,4466200,TDOC
2020-03-17,119.95999908447266,132.77999877929688,102.01000213623047,118.23999786376953,118.23999786376953,5500500,TDOC
2020-03-18,115.01000213623047,137.8800048828125,115.0,136.92999267578125,136.92999267578125,5088700,TDOC
2020-03-19,140.14999389648438,148.49000549316406,132.07000732421875,139.6300048828125,139.6300048828125,4803100,TDOC
2020-03-20,140.47999572753906,158.1999969482422,137.27999877929688,141.74000549316406,141.74000549316406,4097600,TDOC
2020-03-23,146.47999572753906,168.0,143.7899932861328,167.44000244140625,167.44000244140625,5493000,TDOC
2020-03-24,173.75,176.39999389648438,148.47999572753906,162.02000427246094,162.02000427246094,8011900,TDOC
2020-03-25,159.30999755859375,160.8000030517578,134.125,142.11000061035156,142.11000061035156,13377100,TDOC
2020-03-26,148.00999450683594,160.0,143.00100708007812,159.5,159.5,5849500,TDOC
2020-03-27,157.91000366210938,170.97999572753906,156.0,164.16000366210938,164.16000366210938,3862300,TDOC
2020-03-30,170.7899932861328,171.0,159.52000427246094,163.55999755859375,163.55999755859375,3627200,TDOC
2020-03-31,159.86000061035156,161.9770050048828,150.0500030517578,155.00999450683594,155.00999450683594,3186600,TDOC
2020-04-01,153.5,166.85000610351562,151.10000610351562,162.52999877929688,162.52999877929688,3191100,TDOC
2020-04-02,161.5500030517578,166.75,154.47000122070312,159.32000732421875,159.32000732421875,2340000,TDOC
2020-04-03,156.50999450683594,162.47999572753906,155.00999450683594,156.2100067138672,156.2100067138672,1467400,TDOC
2020-04-06,150.0,151.79600524902344,143.07000732421875,150.1300048828125,150.1300048828125,2679400,TDOC
2020-04-07,143.8800048828125,147.11000061035156,138.1999969482422,141.25,141.25,3680100,TDOC
2020-04-08,141.63499450683594,143.5,135.52000427246094,139.10000610351562,139.10000610351562,2822800,TDOC
2020-04-09,138.27000427246094,148.25,136.40499877929688,146.66000366210938,146.66000366210938,2540300,TDOC
2020-04-13,150.0500030517578,156.11000061035156,149.16000366210938,154.1300048828125,154.1300048828125,2279800,TDOC
2020-04-14,156.69000244140625,160.99000549316406,151.56300354003906,157.3300018310547,157.3300018310547,2401600,TDOC
2020-04-15,160.88999938964844,172.4199981689453,156.05999755859375,171.77000427246094,171.77000427246094,5345000,TDOC
2020-04-16,166.5,174.42999267578125,165.0,174.25,174.25,3547400,TDOC
2020-04-17,166.9969940185547,174.07000732421875,165.3800048828125,173.27000427246094,173.27000427246094,3244800,TDOC
2020-04-20,171.69000244140625,183.5,170.55999755859375,181.4600067138672,181.4600067138672,2848600,TDOC
2020-04-21,184.75999450683594,189.46499633789062,165.60000610351562,172.38999938964844,172.38999938964844,3276300,TDOC
2020-04-22,174.25999450683594,183.11000061035156,174.0,179.64999389648438,179.64999389648438,2116900,TDOC
2020-04-23,181.0,189.97000122070312,179.64999389648438,187.72999572753906,187.72999572753906,2442300,TDOC
2020-04-24,190.1199951171875,196.50999450683594,187.75,193.52999877929688,193.52999877929688,2845900,TDOC
2020-04-27,196.02999877929688,203.85000610351562,193.64999389648438,194.88999938964844,194.88999938964844,3635400,TDOC
2020-04-28,195.61000061035156,195.80999755859375,172.67999267578125,181.14999389648438,181.14999389648438,5505100,TDOC
2020-04-29,175.0,181.75,173.0,175.10000610351562,175.10000610351562,3923700,TDOC
2020-04-30,166.64999389648438,169.7899932861328,155.25,164.58999633789062,164.58999633789062,5573600,TDOC
2020-05-01,162.10000610351562,170.2899932861328,160.38999938964844,169.42999267578125,169.42999267578125,2632600,TDOC
2020-05-04,170.7100067138672,175.17999267578125,167.06500244140625,174.3000030517578,174.3000030517578,2724000,TDOC
2020-05-05,176.0,177.52000427246094,167.3000030517578,169.58999633789062,169.58999633789062,2444600,TDOC
2020-05-06,171.17999267578125,180.1300048828125,169.6199951171875,176.00999450683594,176.00999450683594,1916800,TDOC
2020-05-07,177.6699981689453,180.80999755859375,173.6999969482422,174.92999267578125,174.92999267578125,1631100,TDOC
2020-05-08,175.0,178.4499969482422,168.47900390625,176.5,176.5,2209800,TDOC
2020-05-11,178.60000610351562,193.99000549316406,177.55999755859375,190.6199951171875,190.6199951171875,3259900,TDOC
2020-05-12,191.8800048828125,194.36000061035156,183.6999969482422,184.14999389648438,184.14999389648438,2013100,TDOC
2020-05-13,189.5800018310547,196.19000244140625,179.05999755859375,188.19000244140625,188.19000244140625,3377600,TDOC
2020-05-14,185.00999450683594,185.9499969482422,172.36000061035156,179.5399932861328,179.5399932861328,5225700,TDOC
2020-05-15,176.89999389648438,184.67999267578125,175.4499969482422,184.22999572753906,184.22999572753906,4279100,TDOC
2020-05-18,180.5,185.5500030517578,170.17999267578125,172.1999969482422,172.1999969482422,4100400,TDOC
2020-05-19,175.8000030517578,180.35000610351562,172.5399932861328,175.66000366210938,175.66000366210938,2534500,TDOC
2020-05-20,177.9600067138672,179.94000244140625,168.8300018310547,171.27000427246094,171.27000427246094,2799100,TDOC
2020-05-21,172.3000030517578,178.05999755859375,169.02000427246094,174.99000549316406,174.99000549316406,2328500,TDOC
2020-05-22,176.33999633789062,176.33999633789062,171.22000122070312,174.17999267578125,174.17999267578125,1460200,TDOC
2020-05-26,173.25,174.0,161.44000244140625,164.47000122070312,164.47000122070312,3447700,TDOC
2020-05-27,158.4199981689453,162.9499969482422,147.7100067138672,162.63999938964844,162.63999938964844,4784800,TDOC
2020-05-28,160.5500030517578,170.74000549316406,160.40499877929688,166.89999389648438,166.89999389648438,2576500,TDOC
2020-05-29,170.92999267578125,174.3699951171875,168.50999450683594,174.05999755859375,174.05999755859375,5770600,TDOC
2020-06-01,172.60000610351562,177.8000030517578,168.35000610351562,173.6199951171875,173.6199951171875,2495100,TDOC
2020-06-02,172.5,172.67999267578125,165.11000061035156,169.8699951171875,169.8699951171875,2410200,TDOC
2020-06-03,166.7899932861328,168.8699951171875,162.6999969482422,164.58999633789062,164.58999633789062,2506200,TDOC
2020-06-04,163.0,166.67999267578125,154.47999572753906,157.14999389648438,157.14999389648438,3343100,TDOC
2020-06-05,151.3000030517578,163.89999389648438,149.0,161.64999389648438,161.64999389648438,2950700,TDOC
2020-06-08,160.0,168.6999969482422,158.22000122070312,166.35000610351562,166.35000610351562,2233700,TDOC
2020-06-09,169.57000732421875,170.22999572753906,166.4499969482422,168.8300018310547,168.8300018310547,1794700,TDOC
2020-06-10,170.0,177.64999389648438,169.72999572753906,176.7100067138672,176.7100067138672,2591300,TDOC
2020-06-11,178.0,187.6699981689453,173.24000549316406,173.72999572753906,173.72999572753906,4216700,TDOC
2020-06-12,177.36000061035156,179.5,167.44000244140625,172.27000427246094,172.27000427246094,2125400,TDOC
2020-06-15,175.2100067138672,188.27999877929688,174.1999969482422,188.27999877929688,188.27999877929688,3415800,TDOC
2020-06-16,183.91000366210938,189.26800537109375,182.6999969482422,188.41000366210938,188.41000366210938,2424900,TDOC
2020-06-17,189.0,195.41000366210938,188.02999877929688,192.05999755859375,192.05999755859375,2484700,TDOC
2020-06-18,192.39999389648438,199.5800018310547,188.14999389648438,191.97999572753906,191.97999572753906,2611500,TDOC
2020-06-19,192.9600067138672,203.4600067138672,192.5,201.52999877929688,201.52999877929688,4819000,TDOC
2020-06-22,204.9600067138672,208.6300048828125,201.0,204.94000244140625,204.94000244140625,2659300,TDOC
2020-06-23,206.0,207.3000030517578,197.14500427246094,198.0800018310547,198.0800018310547,2653800,TDOC
2020-06-24,198.47999572753906,203.9600067138672,194.41000366210938,197.00999450683594,197.00999450683594,2679200,TDOC
2020-06-25,196.50999450683594,202.97999572753906,195.32000732421875,201.6999969482422,201.6999969482422,2755900,TDOC
2020-06-26,203.05999755859375,204.0,192.5,193.25999450683594,193.25999450683594,10468400,TDOC
2020-06-29,194.0,195.02999877929688,184.30999755859375,187.35000610351562,187.35000610351562,2830800,TDOC
2020-06-30,188.3800048828125,192.22000122070312,187.6699981689453,190.83999633789062,190.83999633789062,1585600,TDOC
2020-07-01,189.89999389648438,201.3300018310547,188.89999389648438,198.85000610351562,198.85000610351562,1986300,TDOC
2020-07-02,202.7899932861328,210.86000061035156,200.50999450683594,208.88999938964844,208.88999938964844,2416100,TDOC
2020-07-06,212.3699951171875,219.86000061035156,211.30999755859375,218.0,218.0,2402800,TDOC
2020-07-07,219.5500030517578,223.72999572753906,214.61000061035156,217.25999450683594,217.25999450683594,2245900,TDOC
2020-07-08,220.8000030517578,225.18499755859375,219.1300048828125,224.52999877929688,224.52999877929688,1457700,TDOC
2020-07-09,226.5500030517578,229.4149932861328,221.56199645996094,228.42999267578125,228.42999267578125,1387300,TDOC
2020-07-10,228.0,230.39999389648438,224.19900512695312,228.97999572753906,228.97999572753906,1202600,TDOC
2020-07-13,233.0,237.75999450683594,215.2100067138672,218.4499969482422,218.4499969482422,2180900,TDOC
2020-07-14,220.39999389648438,224.5,203.5,209.22000122070312,209.22000122070312,3039400,TDOC
2020-07-15,209.55999755859375,222.69000244140625,203.33999633789062,221.8300018310547,221.8300018310547,2425800,TDOC
2020-07-16,219.05999755859375,220.99000549316406,213.2100067138672,218.55999755859375,218.55999755859375,1362900,TDOC
2020-07-17,218.55999755859375,222.3800048828125,216.33999633789062,217.77000427246094,217.77000427246094,1032900,TDOC
2020-07-20,220.2100067138672,228.08999633789062,218.94000244140625,227.27000427246094,227.27000427246094,1578000,TDOC
2020-07-21,230.33999633789062,231.4499969482422,224.0500030517578,226.66000366210938,226.66000366210938,1351000,TDOC
2020-07-22,228.82000732421875,230.86000061035156,220.35000610351562,223.97999572753906,223.97999572753906,1078800,TDOC
2020-07-23,226.83999633789062,230.2760009765625,216.38999938964844,219.8800048828125,219.8800048828125,1296200,TDOC
2020-07-24,214.7100067138672,218.24000549316406,206.22000122070312,212.85000610351562,212.85000610351562,1302600,TDOC
2020-07-27,215.0,217.81500244140625,208.75,212.75,212.75,1612900,TDOC
2020-07-28,213.5,218.05499267578125,211.7899932861328,212.67999267578125,212.67999267578125,967900,TDOC
2020-07-29,216.0,219.8000030517578,212.94000244140625,218.25,218.25,1862900,TDOC
2020-07-30,211.83999633789062,239.44000244140625,210.9499969482422,237.07000732421875,237.07000732421875,3985700,TDOC
2020-07-31,240.0,240.0,230.00999450683594,237.6300048828125,237.6300048828125,2478700,TDOC
2020-08-03,234.07000732421875,239.60000610351562,234.0,237.13999938964844,237.13999938964844,1741400,TDOC
2020-08-04,240.0,253.0,235.5709991455078,249.4199981689453,249.4199981689453,2923500,TDOC
2020-08-05,238.1699981689453,239.0,199.4600067138672,202.00999450683594,202.00999450683594,27423400,TDOC
2020-08-06,216.0,219.75,209.0,212.5,212.5,10382100,TDOC
2020-08-07,215.0,215.99000549316406,191.0,193.72000122070312,193.72000122070312,9661000,TDOC
2020-08-10,197.00999450683594,197.35000610351562,185.0,193.74000549316406,193.74000549316406,9062200,TDOC
2020-08-11,190.0,191.10000610351562,182.50999450683594,183.75,183.75,6227800,TDOC
2020-08-12,185.08999633789062,188.11000061035156,181.7519989013672,185.08999633789062,185.08999633789062,4050500,TDOC
2020-08-13,187.80999755859375,198.2050018310547,187.5,192.0800018310547,192.0800018310547,4345200,TDOC
2020-08-14,192.5,194.60000610351562,186.1199951171875,187.5,187.5,3569700,TDOC
2020-08-17,196.5500030517578,206.3300018310547,190.6199951171875,205.02000427246094,205.02000427246094,6643000,TDOC
2020-08-18,211.50999450683594,218.60899353027344,207.52499389648438,217.27999877929688,217.27999877929688,6587700,TDOC
2020-08-19,217.38999938964844,219.8090057373047,210.1999969482422,216.50999450683594,216.50999450683594,4745900,TDOC
2020-08-20,213.6300048828125,218.8000030517578,213.26499938964844,218.41000366210938,218.41000366210938,3057700,TDOC
2020-08-21,219.75,233.8300018310547,219.6999969482422,223.41000366210938,223.41000366210938,6260300,TDOC
2020-08-24,224.9499969482422,225.91000366210938,206.86000061035156,210.6300048828125,210.6300048828125,5660600,TDOC
2020-08-25,209.74000549316406,215.0850067138672,206.0,212.00999450683594,212.00999450683594,3268500,TDOC
2020-08-26,210.80999755859375,214.88999938964844,207.63600158691406,214.57000732421875,214.57000732421875,3775500,TDOC
2020-08-27,212.4499969482422,218.63499450683594,208.14999389648438,215.77000427246094,215.77000427246094,2796900,TDOC
2020-08-28,217.5,218.1999969482422,207.36000061035156,208.57000732421875,208.57000732421875,3291300,TDOC
2020-08-31,210.3300018310547,216.35000610351562,209.5,215.69000244140625,215.69000244140625,3461600,TDOC
2020-09-01,219.3300018310547,224.9199981689453,216.77999877929688,224.1999969482422,224.1999969482422,3028600,TDOC
2020-09-02,227.8000030517578,227.85000610351562,212.10000610351562,223.14999389648438,223.14999389648438,3060200,TDOC
2020-09-03,213.85000610351562,219.3249969482422,200.14500427246094,203.02000427246094,203.02000427246094,4899700,TDOC
2020-09-04,196.9499969482422,203.86000061035156,181.0,198.2899932861328,198.2899932861328,4980100,TDOC
2020-09-08,189.5,201.11000061035156,188.0,192.85000610351562,192.85000610351562,2927800,TDOC
2020-09-09,197.25999450683594,201.94000244140625,196.4219970703125,200.77000427246094,200.77000427246094,2253400,TDOC
2020-09-10,202.22000122070312,206.97000122070312,196.56100463867188,198.13999938964844,198.13999938964844,2045100,TDOC
2020-09-11,199.41000366210938,200.55999755859375,187.61000061035156,189.91000366210938,189.91000366210938,2675100,TDOC
2020-09-14,192.52000427246094,198.25,191.5399932861328,193.36000061035156,193.36000061035156,1804500,TDOC
2020-09-15,195.60000610351562,197.80999755859375,193.3300018310547,194.7100067138672,194.7100067138672,1482000,TDOC
2020-09-16,195.0,198.8699951171875,189.77999877929688,193.52000427246094,193.52000427246094,2493300,TDOC
2020-09-17,187.4199981689453,199.97999572753906,186.10000610351562,199.27999877929688,199.27999877929688,3457400,TDOC
2020-09-18,200.88999938964844,209.44000244140625,198.8300018310547,205.42999267578125,205.42999267578125,4441300,TDOC
2020-09-21,203.0,204.7899932861328,193.5399932861328,202.66000366210938,202.66000366210938,2898600,TDOC
2020-09-22,205.49000549316406,216.0399932861328,201.67999267578125,215.27999877929688,215.27999877929688,3728400,TDOC
2020-09-23,214.0,218.5399932861328,207.26499938964844,209.22000122070312,209.22000122070312,2960400,TDOC
2020-09-24,203.11000061035156,208.22000122070312,199.61000061035156,203.9499969482422,203.9499969482422,1960300,TDOC
2020-09-25,207.99000549316406,219.4199981689453,206.5,219.0,219.0,3605800,TDOC
2020-09-28,222.02999877929688,222.02999877929688,212.00999450683594,215.08999633789062,215.08999633789062,2273200,TDOC
2020-09-29,216.5,221.93499755859375,213.00999450683594,217.33999633789062,217.33999633789062,2137200,TDOC
2020-09-30,217.27000427246094,224.94000244140625,214.38999938964844,219.24000549316406,219.24000549316406,2632100,TDOC
2020-10-01,222.86000061035156,223.74000549316406,218.0,220.67999267578125,220.67999267578125,1817800,TDOC
2020-10-02,215.0,227.9499969482422,213.6199951171875,221.60000610351562,221.60000610351562,2397800,TDOC
2020-10-05,223.38999938964844,227.47999572753906,220.14199829101562,225.2100067138672,225.2100067138672,1651200,TDOC
2020-10-06,223.2899932861328,225.79800415039062,217.0,217.72000122070312,217.72000122070312,1753300,TDOC
2020-10-07,222.14999389648438,230.8699951171875,221.19000244140625,222.85000610351562,222.85000610351562,2308700,TDOC
2020-10-08,225.27999877929688,225.8000030517578,219.63999938964844,221.47999572753906,221.47999572753906,1257700,TDOC
2020-10-09,223.8800048828125,224.77999877929688,217.8699951171875,218.11000061035156,218.11000061035156,1595400,TDOC
2020-10-12,221.89999389648438,224.74000549316406,217.72999572753906,218.0,218.0,1837000,TDOC
2020-10-13,220.97999572753906,236.8000030517578,219.4199981689453,231.8000030517578,231.8000030517578,4452800,TDOC
2020-10-14,233.52999877929688,234.10000610351562,226.7100067138672,230.4499969482422,230.4499969482422,2184400,TDOC
2020-10-15,225.33999633789062,228.6999969482422,220.00999450683594,224.35000610351562,224.35000610351562,2062500,TDOC
2020-10-16,227.5,228.19500732421875,220.63099670410156,221.2899932861328,221.2899932861328,1277400,TDOC
2020-10-19,222.7100067138672,228.02000427246094,221.5800018310547,223.69000244140625,223.69000244140625,1669000,TDOC
2020-10-20,223.8000030517578,226.26600646972656,221.2899932861328,222.22999572753906,222.22999572753906,1271500,TDOC
2020-10-21,224.74000549316406,230.82000732421875,212.64999389648438,216.77000427246094,216.77000427246094,2223000,TDOC
2020-10-22,218.39999389648438,221.77000427246094,214.13999938964844,214.8000030517578,214.8000030517578,1545800,TDOC
2020-10-23,215.0,217.0,212.10000610351562,216.32000732421875,216.32000732421875,1347600,TDOC
2020-10-26,215.0,223.6999969482422,209.0,212.14999389648438,212.14999389648438,2214800,TDOC
2020-10-27,214.69000244140625,224.8000030517578,214.51300048828125,223.05999755859375,223.05999755859375,2835700,TDOC
2020-10-28,220.1300048828125,231.0,220.10000610351562,226.94000244140625,226.94000244140625,4575900,TDOC
2020-10-29,217.58999633789062,228.05999755859375,213.75,217.88999938964844,217.88999938964844,11257900,TDOC
2020-10-30,215.99000549316406,215.99000549316406,192.13999938964844,196.4600067138672,196.4600067138672,6095700,TDOC
2020-11-02,194.0,194.92999267578125,186.5,190.39999389648438,190.39999389648438,5631100,TDOC
2020-11-03,192.0,196.92100524902344,190.2899932861328,195.24000549316406,195.24000549316406,3380200,TDOC
2020-11-04,200.0,206.13999938964844,197.11000061035156,198.74000549316406,198.74000549316406,3985200,TDOC
2020-11-05,205.60000610351562,209.35499572753906,203.47999572753906,208.50999450683594,208.50999450683594,3273000,TDOC
2020-11-06,208.5,209.27000427246094,205.5500030517578,206.13999938964844,206.13999938964844,2418600,TDOC
2020-11-09,191.375,193.70399475097656,175.4029998779297,177.97999572753906,177.97999572753906,10987200,TDOC
2020-11-10,180.41000366210938,180.9949951171875,168.5,172.44000244140625,172.44000244140625,7792100,TDOC
2020-11-11,177.5500030517578,183.1199951171875,173.64999389648438,182.5500030517578,182.5500030517578,4549400,TDOC
2020-11-12,186.9499969482422,189.63999938964844,183.72000122070312,186.99000549316406,186.99000549316406,3762700,TDOC
2020-11-13,190.0,190.6999969482422,178.3800048828125,183.07000732421875,183.07000732421875,4582900,TDOC
2020-11-16,178.10000610351562,181.13999938964844,175.10000610351562,177.0,177.0,6252600,TDOC
2020-11-17,178.97000122070312,181.85000610351562,177.22000122070312,179.33999633789062,179.33999633789062,3696700,TDOC
2020-11-18,180.02999877929688,184.8800048828125,177.3000030517578,181.8699951171875,181.8699951171875,4238900,TDOC
2020-11-19,182.0,192.77000427246094,182.0,191.19000244140625,191.19000244140625,4392800,TDOC
2020-11-20,192.50999450683594,200.3300018310547,192.23500061035156,200.0,200.0,4442100,TDOC
2020-11-23,200.0,200.7100067138672,193.22000122070312,194.00999450683594,194.00999450683594,3106000,TDOC
2020-11-24,193.49000549316406,193.5,184.1999969482422,186.4199981689453,186.4199981689453,3917200,TDOC
2020-11-25,188.27999877929688,190.72999572753906,186.5800018310547,190.58999633789062,190.58999633789062,2114700,TDOC
2020-11-27,192.0,197.44500732421875,191.00999450683594,196.4499969482422,196.4499969482422,1758200,TDOC
2020-11-30,198.0,199.99000549316406,190.25,198.77000427246094,198.77000427246094,3108400,TDOC
2020-12-01,198.66000366210938,198.80999755859375,192.0,195.19000244140625,195.19000244140625,2519900,TDOC
2020-12-02,192.3300018310547,196.52000427246094,189.41000366210938,195.02999877929688,195.02999877929688,1940900,TDOC
2020-12-03,196.5,202.9499969482422,196.0,197.2100067138672,197.2100067138672,2548400,TDOC
2020-12-04,197.39999389648438,204.58999633789062,195.8000030517578,203.66000366210938,203.66000366210938,2447300,TDOC
2020-12-07,199.27999877929688,202.82000732421875,196.05999755859375,197.3000030517578,197.3000030517578,2967700,TDOC
2020-12-08,199.7899932861328,200.48699951171875,194.5800018310547,198.25999450683594,198.25999450683594,1760400,TDOC
2020-12-09,199.5,199.5,188.80999755859375,192.27999877929688,192.27999877929688,2551200,TDOC
2020-12-10,192.1699981689453,199.19000244140625,191.4499969482422,199.00999450683594,199.00999450683594,2120500,TDOC
2020-12-11,198.92999267578125,201.4499969482422,195.58999633789062,199.5800018310547,199.5800018310547,1839800,TDOC
2020-12-14,197.50999450683594,202.35000610351562,194.33999633789062,194.6300048828125,194.6300048828125,2155500,TDOC
2020-12-15,196.08999633789062,198.19000244140625,193.47000122070312,196.11000061035156,196.11000061035156,1870700,TDOC
2020-12-16,188.25,190.32899475097656,181.14999389648438,187.07000732421875,187.07000732421875,6965800,TDOC
2020-12-17,190.0,196.88999938964844,189.6999969482422,196.80999755859375,196.80999755859375,3020300,TDOC
2020-12-18,197.13999938964844,198.5500030517578,191.60000610351562,196.33999633789062,196.33999633789062,3525000,TDOC
2020-12-21,199.0,205.18800354003906,193.9199981689453,199.75,199.75,3856800,TDOC
2020-12-22,201.99000549316406,208.5,201.4600067138672,206.0399932861328,206.0399932861328,3107400,TDOC
2020-12-23,206.5500030517578,212.9199981689453,203.3000030517578,209.4199981689453,209.4199981689453,2934300,TDOC
2020-12-24,211.3300018310547,211.97000122070312,204.2100067138672,207.9499969482422,207.9499969482422,1960500,TDOC
2020-12-28,209.13999938964844,210.25,196.3090057373047,197.8300018310547,197.8300018310547,3234900,TDOC
2020-12-29,200.4600067138672,202.03799438476562,194.44000244140625,198.97999572753906,198.97999572753906,1871700,TDOC
2020-12-30,202.0,204.7899932861328,199.5,203.57000732421875,203.57000732421875,1633100,TDOC
2020-12-31,202.9600067138672,203.2449951171875,195.55999755859375,199.9600067138672,199.9600067138672,1924000,TDOC
2021-01-04,199.8000030517578,200.6300048828125,192.0,200.6300048828125,200.6300048828125,2552800,TDOC
2021-01-05,200.00999450683594,202.8000030517578,198.16000366210938,200.97000122070312,200.97000122070312,2086200,TDOC
2021-01-06,199.1649932861328,210.24000549316406,197.0,204.14999389648438,204.14999389648438,3629300,TDOC
2021-01-07,209.0,229.07000732421875,208.3699951171875,228.77999877929688,228.77999877929688,5913100,TDOC
2021-01-08,227.3000030517578,236.66000366210938,221.9600067138672,227.77999877929688,227.77999877929688,4235000,TDOC
2021-01-11,227.31500244140625,229.0399932861328,219.0,220.86000061035156,220.86000061035156,2462500,TDOC
2021-01-12,225.91000366210938,233.13999938964844,223.72999572753906,230.08999633789062,230.08999633789062,2748800,TDOC
2021-01-13,231.0,235.0,225.6300048828125,231.7899932861328,231.7899932861328,1834300,TDOC
2021-01-14,226.3000030517578,229.0,221.3000030517578,225.5399932861328,225.5399932861328,2755000,TDOC
2021-01-15,228.0,230.8300018310547,222.60000610351562,225.25,225.25,2337700,TDOC
2021-01-19,228.6699981689453,233.6649932861328,223.5,232.72000122070312,232.72000122070312,3415600,TDOC
2021-01-20,235.0,252.0800018310547,234.1999969482422,246.74000549316406,246.74000549316406,6554400,TDOC
2021-01-21,245.80999755859375,248.8000030517578,240.5,245.5,245.5,2593600,TDOC
2021-01-22,244.9600067138672,263.4700012207031,242.72999572753906,263.0,263.0,5043300,TDOC
2021-01-25,265.489990234375,294.739990234375,265.489990234375,287.0899963378906,287.0899963378906,9083500,TDOC
2021-01-26,283.82501220703125,293.9200134277344,279.0,286.2300109863281,286.2300109863281,3490800,TDOC
2021-01-27,275.0,283.1000061035156,269.19000244140625,273.94000244140625,273.94000244140625,3798300,TDOC
2021-01-28,268.5899963378906,273.82000732421875,258.5,262.8399963378906,262.8399963378906,3236300,TDOC
2021-01-29,262.3500061035156,274.5799865722656,257.6610107421875,263.8299865722656,263.8299865722656,3704100,TDOC
2021-02-01,265.20001220703125,266.6499938964844,257.0,264.1000061035156,264.1000061035156,2728900,TDOC
2021-02-02,270.0,280.9700012207031,265.8299865722656,266.8599853515625,266.8599853515625,2749600,TDOC
2021-02-03,269.8500061035156,277.5660095214844,268.75,271.4100036621094,271.4100036621094,1747900,TDOC
2021-02-04,277.8500061035156,284.95001220703125,274.0,276.8399963378906,276.8399963378906,2191600,TDOC
2021-02-05,280.0,287.48699951171875,276.5299987792969,285.0299987792969,285.0299987792969,2229500,TDOC
2021-02-08,286.5799865722656,296.3599853515625,286.4200134277344,294.5400085449219,294.5400085449219,1944200,TDOC
2021-02-09,293.9599914550781,299.4200134277344,287.05999755859375,288.5,288.5,2085300,TDOC
2021-02-10,290.489990234375,295.45001220703125,277.3590087890625,290.42999267578125,290.42999267578125,2024200,TDOC
2021-02-11,291.25,291.5,278.39599609375,283.69000244140625,283.69000244140625,2063700,TDOC
2021-02-12,285.3500061035156,294.26300048828125,279.7699890136719,293.6600036621094,293.6600036621094,1847600,TDOC
2021-02-16,298.260009765625,308.0,285.739990234375,291.2099914550781,291.2099914550781,3341800,TDOC
2021-02-17,288.6000061035156,288.79998779296875,274.510009765625,287.8599853515625,287.8599853515625,2247500,TDOC
2021-02-18,283.3999938964844,285.3999938964844,276.66400146484375,283.1000061035156,283.1000061035156,1621900,TDOC
2021-02-19,286.6000061035156,294.9360046386719,283.9049987792969,292.510009765625,292.510009765625,1929400,TDOC
2021-02-22,292.1400146484375,292.3699951171875,267.260009765625,268.760009765625,268.760009765625,2858200,TDOC
2021-02-23,251.52999877929688,261.3999938964844,235.0,256.0,256.0,4694900,TDOC
2021-02-24,256.55999755859375,259.54998779296875,247.3800048828125,254.52999877929688,254.52999877929688,3007100,TDOC
2021-02-25,240.0,246.66000366210938,216.80999755859375,219.5500030517578,219.5500030517578,9082300,TDOC
2021-02-26,222.14999389648438,225.7310028076172,211.32000732421875,221.08999633789062,221.08999633789062,6992600,TDOC
2021-03-01,227.0,229.8699951171875,221.14999389648438,223.38999938964844,223.38999938964844,4941000,TDOC
2021-03-02,229.39999389648438,231.47999572753906,216.35000610351562,217.9199981689453,217.9199981689453,3057700,TDOC
2021-03-03,214.6300048828125,216.19700622558594,200.88999938964844,203.19000244140625,203.19000244140625,5570600,TDOC
2021-03-04,201.25,206.35000610351562,189.41000366210938,195.97999572753906,195.97999572753906,6852200,TDOC
2021-03-05,194.14999389648438,197.7100067138672,174.0,189.69000244140625,189.69000244140625,8593200,TDOC
2021-03-08,188.14999389648438,193.0,175.50999450683594,176.64999389648438,176.64999389648438,4448600,TDOC
2021-03-09,186.69000244140625,196.4199981689453,185.13999938964844,193.0399932861328,193.0399932861328,4383700,TDOC
2021-03-10,196.3000030517578,198.49000549316406,182.1739959716797,184.4499969482422,184.4499969482422,5604200,TDOC
2021-03-11,190.0,200.5050048828125,187.75,198.77000427246094,198.77000427246094,5865700,TDOC
2021-03-12,195.1699981689453,198.0,189.36000061035156,197.9499969482422,197.9499969482422,3815600,TDOC
2021-03-15,201.0800018310547,203.97999572753906,196.22000122070312,201.24000549316406,201.24000549316406,2950100,TDOC
2021-03-16,204.0,206.1699981689453,194.2899932861328,198.75999450683594,198.75999450683594,2426800,TDOC
2021-03-17,184.80999755859375,191.99000549316406,182.22000122070312,190.10000610351562,190.10000610351562,6752500,TDOC
2021-03-18,189.8699951171875,192.44000244140625,183.08999633789062,185.42999267578125,185.42999267578125,4097700,TDOC
2021-03-19,185.5500030517578,191.36000061035156,182.24000549316406,190.97999572753906,190.97999572753906,3759300,TDOC
2021-03-22,192.1199951171875,199.02999877929688,190.17999267578125,197.27999877929688,197.27999877929688,2860500,TDOC
2021-03-23,197.17999267578125,197.63299560546875,192.5399932861328,193.74000549316406,193.74000549316406,2113800,TDOC
2021-03-24,194.8800048828125,195.39999389648438,181.1999969482422,181.99000549316406,181.99000549316406,3533600,TDOC
2021-03-25,177.5,179.41000366210938,169.00999450683594,176.16000366210938,176.16000366210938,6422600,TDOC
2021-03-26,178.3699951171875,181.4600067138672,170.43499755859375,176.88999938964844,176.88999938964844,3388500,TDOC
2021-03-29,175.0,175.47000122070312,166.6999969482422,171.3000030517578,171.3000030517578,4048600,TDOC
2021-03-30,169.6199951171875,175.72999572753906,167.9499969482422,174.74000549316406,174.74000549316406,2414400,TDOC
2021-03-31,178.0,183.5,176.6199951171875,181.75,181.75,2876900,TDOC
2021-04-01,187.00999450683594,189.14599609375,182.23199462890625,182.7899932861328,182.7899932861328,2822800,TDOC
2021-04-05,187.05999755859375,187.52499389648438,179.10000610351562,181.25,181.25,2012500,TDOC
2021-04-06,182.27999877929688,184.3520050048828,179.6699981689453,181.86000061035156,181.86000061035156,2301900,TDOC
2021-04-07,182.5,183.66000366210938,177.60000610351562,178.0,178.0,2105800,TDOC
2021-04-08,181.94000244140625,186.94000244140625,180.35000610351562,182.30999755859375,182.30999755859375,2289200,TDOC
2021-04-09,182.30999755859375,183.6999969482422,178.4499969482422,181.25999450683594,181.25999450683594,1875700,TDOC
2021-04-12,181.33200073242188,183.75,176.26300048828125,182.00999450683594,182.00999450683594,1968000,TDOC
2021-04-13,184.5,192.96400451660156,184.42999267578125,189.25,189.25,3787600,TDOC
2021-04-14,190.0,193.08999633789062,186.1199951171875,188.11000061035156,188.11000061035156,3178500,TDOC
2021-04-15,192.7100067138672,194.99000549316406,189.66000366210938,192.3800048828125,192.3800048828125,2393700,TDOC
2021-04-16,193.0,193.50999450683594,187.8800048828125,190.10000610351562,190.10000610351562,1574100,TDOC
2021-04-19,188.11000061035156,190.89999389648438,180.718994140625,184.08999633789062,184.08999633789062,2725300,TDOC
2021-04-20,183.0399932861328,185.16000366210938,177.22999572753906,180.91000366210938,180.91000366210938,1807600,TDOC
2021-04-21,179.8000030517578,183.53399658203125,177.11000061035156,182.8300018310547,182.8300018310547,1392600,TDOC
2021-04-22,185.0,187.1199951171875,179.22000122070312,181.4199981689453,181.4199981689453,1905800,TDOC
2021-04-23,182.38999938964844,183.96499633789062,180.66099548339844,182.4499969482422,182.4499969482422,1811200,TDOC
2021-04-26,184.00999450683594,190.33999633789062,180.52999877929688,190.05999755859375,190.05999755859375,2922500,TDOC
2021-04-27,190.7899932861328,192.11000061035156,188.0,189.9499969482422,189.9499969482422,2170900,TDOC
2021-04-28,186.3300018310547,189.65499877929688,185.39999389648438,186.30999755859375,186.30999755859375,2959500,TDOC
2021-04-29,174.7100067138672,178.67999267578125,167.80999755859375,170.86000061035156,170.86000061035156,12156900,TDOC
2021-04-30,169.24000549316406,174.57000732421875,167.8699951171875,172.35000610351562,172.35000610351562,4087200,TDOC
2021-05-03,172.38999938964844,172.38999938964844,162.27200317382812,163.2100067138672,163.2100067138672,4680000,TDOC
2021-05-04,160.5,160.63999938964844,153.2899932861328,158.3699951171875,158.3699951171875,6137400,TDOC
2021-05-05,159.39999389648438,161.1699981689453,156.0800018310547,156.99000549316406,156.99000549316406,3970400,TDOC
2021-05-06,155.7899932861328,156.52999877929688,148.5,151.89999389648438,151.89999389648438,5164000,TDOC
2021-05-07,152.82000732421875,157.16000366210938,149.2100067138672,151.0399932861328,151.0399932861328,4511600,TDOC
2021-05-10,150.27000427246094,150.27000427246094,140.10000610351562,141.0500030517578,141.0500030517578,5684300,TDOC
2021-05-11,133.74000549316406,148.50999450683594,133.1699981689453,145.7899932861328,145.7899932861328,6350300,TDOC
2021-05-12,142.00999450683594,145.9600067138672,138.44000244140625,140.0800018310547,140.0800018310547,3425000,TDOC
2021-05-13,140.14999389648438,142.38999938964844,129.74000549316406,132.7100067138672,132.7100067138672,5316700,TDOC
2021-05-14,134.58999633789062,141.80999755859375,134.5800018310547,139.67999267578125,139.67999267578125,3391500,TDOC
2021-05-17,138.41000366210938,140.38999938964844,134.74000549316406,137.36000061035156,137.36000061035156,2921100,TDOC
2021-05-18,138.0,143.82000732421875,135.1999969482422,139.38999938964844,139.38999938964844,3009700,TDOC
2021-05-19,135.42999267578125,138.94000244140625,134.1699981689453,136.91000366210938,136.91000366210938,2502900,TDOC
2021-05-20,137.5,142.8000030517578,136.66000366210938,141.2899932861328,141.2899932861328,2371300,TDOC
2021-05-21,143.19000244140625,145.0,140.39500427246094,140.52000427246094,140.52000427246094,2363000,TDOC
2021-05-24,141.8800048828125,145.1999969482422,140.8300018310547,142.3300018310547,142.3300018310547,1999500,TDOC
2021-05-25,144.2100067138672,147.52000427246094,143.85000610351562,144.4600067138672,144.4600067138672,2915100,TDOC
2021-05-26,145.64999389648438,150.27999877929688,145.27999877929688,148.32000732421875,148.32000732421875,2761600,TDOC
2021-05-27,148.32000732421875,149.4149932861328,144.10000610351562,149.0,149.0,3811400,TDOC
2021-05-28,150.8699951171875,156.7100067138672,150.24000549316406,150.5800018310547,150.5800018310547,3100800,TDOC
2021-06-01,153.8699951171875,156.27000427246094,150.38999938964844,152.36000061035156,152.36000061035156,2722600,TDOC
2021-06-02,151.3000030517578,154.44500732421875,151.05999755859375,152.74000549316406,152.74000549316406,1902000,TDOC
2021-06-03,151.49000549316406,152.50999450683594,146.00999450683594,146.58999633789062,146.58999633789062,2831700,TDOC
2021-06-04,147.17999267578125,149.67999267578125,145.13999938964844,146.57000732421875,146.57000732421875,2260900,TDOC
2021-06-07,147.77999877929688,153.16000366210938,146.47000122070312,151.9499969482422,151.9499969482422,2345000,TDOC
2021-06-08,154.66000366210938,156.8699951171875,149.27999877929688,152.92999267578125,152.92999267578125,2169200,TDOC
2021-06-09,153.5500030517578,155.73899841308594,149.91000366210938,150.42999267578125,150.42999267578125,2545200,TDOC
2021-06-10,150.07000732421875,155.5399932861328,148.8800048828125,154.2899932861328,154.2899932861328,2355700,TDOC
2021-06-11,155.74000549316406,155.88999938964844,152.3800048828125,154.82000732421875,154.82000732421875,1671100,TDOC
2021-06-14,156.2899932861328,159.10000610351562,155.16000366210938,157.47999572753906,157.47999572753906,2348500,TDOC
2021-06-15,157.14999389648438,157.99000549316406,151.82000732421875,152.42999267578125,152.42999267578125,1988400,TDOC
2021-06-16,151.4199981689453,152.5,147.24000549316406,151.72999572753906,151.72999572753906,2768800,TDOC
2021-06-17,150.64999389648438,157.6999969482422,149.24000549316406,155.8000030517578,155.8000030517578,2617000,TDOC
2021-06-18,156.7899932861328,158.8699951171875,155.05999755859375,156.30999755859375,156.30999755859375,3033600,TDOC
2021-06-21,154.5,157.47000122070312,150.52999877929688,155.38999938964844,155.38999938964844,1664900,TDOC
2021-06-22,155.38999938964844,158.25,153.75999450683594,157.6300048828125,157.6300048828125,2172800,TDOC
2021-06-23,158.0,161.92999267578125,157.07000732421875,160.5,160.5,2561200,TDOC
2021-06-24,161.6699981689453,165.91000366210938,160.72999572753906,163.27000427246094,163.27000427246094,2733500,TDOC
2021-06-25,165.5,167.9600067138672,162.55999755859375,165.10000610351562,165.10000610351562,5609500,TDOC
2021-06-28,167.57000732421875,172.36000061035156,167.05499267578125,170.4199981689453,170.4199981689453,2983600,TDOC
2021-06-29,171.2100067138672,174.32000732421875,168.94500732421875,171.36000061035156,171.36000061035156,2345500,TDOC
2021-06-30,171.0,171.67999267578125,165.66000366210938,166.2899932861328,166.2899932861328,2390300,TDOC
2021-07-01,165.2899932861328,167.1529998779297,161.48899841308594,164.63999938964844,164.63999938964844,1906200,TDOC
2021-07-02,165.7899932861328,167.5,162.6999969482422,164.25999450683594,164.25999450683594,1422100,TDOC
2021-07-06,164.6300048828125,165.28500366210938,160.69000244140625,163.52999877929688,163.52999877929688,1751500,TDOC
2021-07-07,164.02999877929688,164.5,155.17999267578125,158.25999450683594,158.25999450683594,2015900,TDOC
2021-07-08,154.0,158.8000030517578,152.14999389648438,157.94000244140625,157.94000244140625,1534300,TDOC
2021-07-09,157.25,159.9600067138672,155.5989990234375,158.60000610351562,158.60000610351562,1481500,TDOC
2021-07-12,159.63999938964844,161.4199981689453,155.4600067138672,155.99000549316406,155.99000549316406,1622500,TDOC
2021-07-13,155.55999755859375,157.17999267578125,153.78399658203125,154.2100067138672,154.2100067138672,1632500,TDOC
2021-07-14,155.57000732421875,156.69000244140625,148.07000732421875,148.85000610351562,148.85000610351562,2745200,TDOC
2021-07-15,149.0,149.24000549316406,142.36000061035156,146.2100067138672,146.2100067138672,2879400,TDOC
2021-07-16,147.2100067138672,148.8699951171875,145.61000061035156,146.77999877929688,146.77999877929688,2085700,TDOC
2021-07-19,144.8000030517578,151.9199981689453,143.14999389648438,151.3699951171875,151.3699951171875,3196100,TDOC
2021-07-20,152.7899932861328,156.5500030517578,152.7899932861328,154.8300018310547,154.8300018310547,2982700,TDOC
2021-07-21,154.9600067138672,155.85699462890625,151.3699951171875,153.32000732421875,153.32000732421875,1703500,TDOC
2021-07-22,154.4499969482422,155.3699951171875,151.60000610351562,152.8699951171875,152.8699951171875,1303500,TDOC
2021-07-23,151.9499969482422,152.60299682617188,147.86000061035156,151.58999633789062,151.58999633789062,1630600,TDOC
2021-07-26,150.91000366210938,150.9199981689453,148.57000732421875,149.75,149.75,2138800,TDOC
2021-07-27,149.92999267578125,152.1699981689453,145.6199951171875,151.00999450683594,151.00999450683594,2767200,TDOC
2021-07-28,134.77999877929688,152.2899932861328,133.25,151.80999755859375,151.80999755859375,11581900,TDOC
2021-07-29,150.50999450683594,156.77999877929688,149.5,156.02999877929688,156.02999877929688,3310500,TDOC
2021-07-30,154.0,155.3699951171875,147.77999877929688,148.4499969482422,148.4499969482422,2271500,TDOC
2021-08-02,147.00999450683594,152.88999938964844,143.75999450683594,150.05999755859375,150.05999755859375,2120600,TDOC
2021-08-03,149.1999969482422,152.85000610351562,147.25999450683594,151.41000366210938,151.41000366210938,2107600,TDOC
2021-08-04,149.66000366210938,151.8300018310547,147.61000061035156,149.72999572753906,149.72999572753906,2251100,TDOC
2021-08-05,150.0,154.22000122070312,148.36000061035156,153.02999877929688,153.02999877929688,2312600,TDOC
2021-08-06,153.0,153.2899932861328,148.3699951171875,149.25999450683594,149.25999450683594,1619400,TDOC
2021-08-09,149.32000732421875,152.6199951171875,147.10000610351562,150.47999572753906,150.47999572753906,1507700,TDOC
